Ward_Assigned,price_num,walkScore,postalCode,Property_Type,yearBuilt,bedrooms,bathrooms,parking,garage,lotDepth,lotFrontage
5,2500000.0,1.0,K0A 1L0,Lots/Acreage,,,,,,1127.76,1447.8
21,495000.0,1.0,K0A 1B0,Lots/Acreage,,,,,,1402.08,609.6
5,365000.0,1.0,K0A 1L0,Lots/Acreage,,,,,,638.86,470.92
20,9830500.0,1.0,K1G 3N4,Lots/Acreage,,,,,,983.6,402.17
5,89000.0,1.0,K0A 1T0,Lots/Acreage,,,,,,617.52,356.62
20,2200000.0,1.0,K0A 2P0,Lots/Acreage,,,,,,1005.84,335.28
20,2200000.0,1.0,K0A 2P0,Lots/Acreage,,,,,,1005.84,335.28
5,499900.0,1.0,K7S 3G7,Lots/Acreage,,,,,,414.38,306.43
5,900000.0,1.0,K2K 1X7,Lots/Acreage,,,,,,657.95,305.4
20,1100000.0,5.0,K1H 7Z2,Residential,1946.0,3.0,0.0,10.0,0.0,598.72,265.61
20,1100000.0,5.0,K1H 7Z2,Residential,1946.0,3.0,0.0,10.0,0.0,598.72,265.61
5,960000.0,3.0,K0A 1T0,Residential,1984.0,6.0,4.0,8.0,2.0,283.2,265.05
21,3850000.0,1.0,K4M 1B3,Residential,2012.0,4.0,6.0,10.0,3.0,122.68,254.57
19,1899999.0,1.0,K4B 0J3,Residential,2008.0,5.0,3.0,12.0,3.0,716.89,243.84
5,389800.0,1.0,K2K 1X7,Lots/Acreage,,,,,,318.2,226.76
21,661200.0,1.0,K0A 2Z0,Lots/Acreage,,,,,,533.58,214.79
21,2530500.0,1.0,K0A 2Z0,Lots/Acreage,,,,,,1745.71,209.93
21,2407500.0,1.0,K2S 1B8,Lots/Acreage,,,,,,1694.94,209.17
21,649500.0,1.0,K0A 2Z0,Lots/Acreage,,,,,,556.46,208.12
21,385000.0,1.0,K0A 2E0,Lots/Acreage,,,,,,712.01,206.96
21,350000.0,1.0,K0G 1J0,Lots/Acreage,,,,,,153.67,204.56
20,239000.0,1.0,K0A 2W0,Lots/Acreage,,,,,,249.63,199.42
5,47000.0,1.0,K0A 1X0,Lots/Acreage,,,,,,202.73,158.38
20,3852500.0,7.0,K1X 1G7,Commercial,,,,,,199.57,145.4
5,350000.0,1.0,K0A 2H0,Lots/Acreage,,,,,,263.96,134.72
21,999900.0,1.0,K0A 2Z0,Residential,1988.0,4.0,5.0,20.0,3.0,93.2,126.78
5,250000.0,1.0,K0A 1T0,Lots/Acreage,,,,,,152.4,115.79
21,425000.0,1.0,K0A 2E0,Lots/Acreage,,,,,,191.02,112.77
20,1200000.0,4.0,K4M 1B5,Residential,1989.0,4.0,4.0,6.0,2.0,103.89,111.41
5,110000.0,1.0,K0A 3M0,Lots/Acreage,,,,,,109.02,102.64
5,199900.0,1.0,K0A 3M0,Lots/Acreage,,,,,,203.05,101.26
7,2990000.0,3.0,K2H 8B9,Residential,1981.0,5.0,5.0,10.0,3.0,105.17,97.77
21,2290000.0,1.0,K2S 0L4,Residential,2008.0,5.0,5.0,20.0,16.0,92.66,86.87
20,1588000.0,4.0,K4M 0A1,Residential,2008.0,6.0,4.0,10.0,2.0,97.0,82.5
20,1625000.0,31.0,K4M 1B2,Residential,1985.0,3.0,3.0,20.0,2.0,261.41,76.72
21,1550000.0,1.0,K2C 3H2,Residential,,5.0,3.0,30.0,9.0,179.22,76.2
5,285000.0,1.0,K0A 1T0,Lots/Acreage,,,,,,638.86,76.08
1,1575000.0,1.0,K4C 0A5,Residential,2015.0,6.0,5.0,12.0,5.0,141.24,75.62
21,249900.0,1.0,K0A 2Z0,Lots/Acreage,,,,,,113.08,73.5
21,249900.0,1.0,K0A 2Z0,Lots/Acreage,,,,,,113.08,73.5
1,1000000.0,1.0,K4C 1E2,Residential,1990.0,5.0,4.0,10.0,3.0,134.68,73.44
19,1300000.0,1.0,K4B 1H9,Lots/Acreage,,,,,,61.49,69.91
5,1499900.0,1.0,K0A 1L0,Residential,2013.0,5.0,4.0,10.0,5.0,120.39,69.36
11,769000.0,41.0,K1J 6L4,Lots/Acreage,,,,,,64.31,67.36
1,375000.0,1.0,K4C 1A9,Lots/Acreage,,,,,,110.2,66.69
1,1295000.0,6.0,K4C 1G3,Residential,1847.0,8.0,4.0,12.0,4.0,91.84,65.38
4,2950000.0,62.0,K2K 1X7,Commercial,,,,,,63.7,64.92
3,1679000.0,7.0,K2R 1A1,Residential,1984.0,5.0,3.0,10.0,2.0,73.15,64.62
5,249900.0,1.0,K2K 1X7,Lots/Acreage,,,,,,127.11,63.61
13,1750000.0,34.0,K1M 0N4,Residential,1940.0,5.0,6.0,8.0,2.0,58.37,60.96
5,2495000.0,1.0,K0A 1L0,Residential,2008.0,4.0,5.0,10.0,3.0,189.04,60.09
16,1499900.0,13.0,K1V 8K6,Residential,1954.0,3.0,2.0,2.0,2.0,87.29,55.69
16,1499900.0,13.0,K1V 8K6,Lots/Acreage,,,,,,87.29,55.69
19,744900.0,1.0,K4B 0E9,Residential,1989.0,5.0,3.0,10.0,3.0,68.13,55.0
1,375000.0,1.0,K4C 1A9,Lots/Acreage,,,,,,133.97,54.81
5,439900.0,2.0,K2K 1X7,Residential,1880.0,3.0,2.0,10.0,0.0,66.9,50.6
20,569000.0,1.0,K1X 1H3,Residential,2002.0,5.0,3.0,6.0,2.0,30.18,48.77
1,649999.0,2.0,K4B 1B7,Residential,1994.0,5.0,2.0,7.0,1.0,36.88,46.33
14,735900.0,1.0,K0A 1B0,Residential,2020.0,3.0,2.0,6.0,3.0,105.51,46.0
5,1489000.0,2.0,K0A 1T0,Residential,1979.0,5.0,5.0,10.0,3.0,95.1,45.77
10,785000.0,8.0,K1T 3W9,Residential,1960.0,3.0,2.0,6.0,2.0,46.94,45.72
10,785000.0,8.0,K1T 3W9,Residential,1960.0,3.0,2.0,6.0,2.0,46.94,45.72
20,499900.0,1.0,K4P 1K3,Residential,1987.0,3.0,2.0,10.0,2.0,89.65,45.72
1,365000.0,1.0,K4C 1E2,Lots/Acreage,,,,,,117.2,45.58
14,838900.0,1.0,K0A 1B0,Residential,2020.0,4.0,3.0,6.0,3.0,122.04,45.5
1,750000.0,1.0,K4C 1A9,Residential,1994.0,4.0,4.0,10.0,2.0,257.86,45.35
20,249000.0,1.0,K4P 1H2,Lots/Acreage,,,,,,200.83,44.99
3,1299900.0,33.0,K2J 2E9,Lots/Acreage,,,,,,36.58,44.35
20,500000.0,3.0,K4P 1E5,Residential,1972.0,5.0,2.0,8.0,3.0,58.73,43.62
13,1590000.0,20.0,K1K 0R4,Residential,1986.0,3.0,3.0,12.0,2.0,45.6,43.24
5,429000.0,1.0,K0A 1T0,Residential,,3.0,1.0,6.0,0.0,51.45,43.13
7,1199900.0,3.0,K2H 8B9,Residential,1960.0,4.0,3.0,5.0,1.0,68.58,42.67
9,799900.0,15.0,K2C 3J7,Lots/Acreage,,,,,,138.38,42.67
20,599000.0,2.0,K4P 1E4,Residential,1986.0,4.0,2.0,6.0,1.0,48.12,42.5
6,799000.0,18.0,K2S 1J5,Residential,,3.0,2.0,6.0,2.0,32.61,42.06
20,625000.0,1.0,K0A 1V0,Residential,1996.0,4.0,3.0,8.0,2.0,81.78,41.58
10,1439900.0,8.0,K1T 3W9,Residential,1958.0,3.0,3.0,6.0,0.0,46.94,41.45
9,529900.0,8.0,K2G 0C6,Residential,,2.0,1.0,3.0,0.0,45.72,40.84
5,59900.0,1.0,K0A 3M0,Lots/Acreage,,,,,,42.35,40.75
11,695000.0,35.0,K1J 6L4,Lots/Acreage,,,,,,79.25,39.93
7,750000.0,3.0,K2H 8B1,Residential,1989.0,3.0,3.0,4.0,2.0,24.99,39.62
22,878000.0,1.0,K1T 3V5,Residential,1965.0,6.0,2.0,15.0,3.0,90.53,39.62
24,2999999.0,12.0,K2C 3H1,Residential,1990.0,6.0,6.0,10.0,5.0,112.07,39.59
6,549900.0,19.0,K0A 1L0,Commercial,,,,,,45.77,39.05
5,575000.0,1.0,K0A 3M0,Residential,1989.0,6.0,5.0,10.0,2.0,154.53,39.01
13,2790000.0,42.0,K1M 0X2,Residential,,5.0,4.0,6.0,1.0,31.7,38.85
15,3065.0,83.0,K1Z 6W6,Residential,2017.0,2.0,2.0,0.0,0.0,35.15,38.33
15,3000.0,83.0,K1Z 6W6,Residential,2017.0,2.0,2.0,0.0,0.0,35.15,38.33
21,699000.0,8.0,K4M 1E9,Residential,1960.0,3.0,2.0,5.0,1.0,22.86,38.1
10,2299000.0,11.0,K1V 1G9,Residential,1961.0,4.0,5.0,12.0,6.0,36.58,38.1
20,389900.0,1.0,K0A 1V0,Residential,,3.0,2.0,20.0,3.0,122.22,38.1
21,649900.0,2.0,K0A 2T0,Residential,2002.0,3.0,2.0,8.0,2.0,68.33,37.59
15,2400000.0,73.0,K1Z 5X4,Lots/Acreage,,,,,,39.62,37.19
20,525000.0,5.0,K4M 1B2,Residential,1972.0,4.0,3.0,6.0,2.0,71.03,36.58
11,1300000.0,28.0,K1J 7M4,Residential,1945.0,5.0,4.0,10.0,2.0,51.58,36.57
5,549900.0,,K0A 1T0,Residential,1992.0,4.0,3.0,6.0,2.0,71.66,36.17
1,995000.0,1.0,K4C 1C1,Multifamily,1993.0,,,14.0,,81.96,35.67
11,2350000.0,35.0,K1J 8V5,Residential,1978.0,5.0,6.0,10.0,4.0,42.81,34.79
13,4875000.0,15.0,K1M 0G3,Residential,2008.0,4.0,4.0,8.0,3.0,35.09,33.54
13,4398000.0,31.0,K1M 0N2,Residential,1953.0,4.0,6.0,4.0,2.0,55.78,33.53
21,574900.0,28.0,K0A 2Y0,Residential,1987.0,3.0,3.0,6.0,2.0,70.1,33.53
20,399900.0,1.0,K4M 1B4,Residential,,3.0,1.0,6.0,0.0,66.35,32.92
21,399900.0,21.0,K0A 2Z0,Residential,1966.0,2.0,2.0,6.0,1.0,37.8,32.61
21,699900.0,33.0,K4M 1G7,Residential,,3.0,3.0,6.0,2.0,44.2,31.97
19,710000.0,1.0,K4B 1H9,Residential,1994.0,6.0,4.0,8.0,0.0,89.28,31.66
11,1499900.0,34.0,K1J 6M3,Residential,1986.0,6.0,5.0,12.0,2.0,71.47,31.44
16,1498000.0,38.0,K2C 1P6,Residential,2019.0,3.0,3.0,8.0,2.0,57.61,30.97
11,1980000.0,14.0,K1J 7G4,Residential,2015.0,6.0,5.0,4.0,2.0,116.11,30.8
21,1200000.0,57.0,K4M 1A6,Multifamily,1935.0,,,10.0,0.0,31.71,30.63
21,1200000.0,57.0,K4M 1A6,Multifamily,1935.0,,,10.0,0.0,31.71,30.63
24,1099000.0,11.0,K2C 3H1,Lots/Acreage,,,,,,67.97,30.56
20,1250000.0,1.0,K4P 1G8,Residential,2016.0,5.0,4.0,10.0,4.0,69.15,30.52
16,995000.0,3.0,K1V 7C5,Residential,1960.0,3.0,3.0,6.0,2.0,21.34,30.48
5,99000.0,1.0,K0A 3M0,Lots/Acreage,,,,,,30.18,30.48
9,614900.0,28.0,K2E 6X6,Residential,1960.0,4.0,2.0,6.0,0.0,30.48,30.48
13,1349900.0,25.0,K1L 5B5,Residential,1960.0,4.0,3.0,6.0,2.0,30.48,30.48
8,799900.0,35.0,K2H 7G8,Residential,1965.0,4.0,2.0,4.0,2.0,38.1,30.48
20,499900.0,1.0,K1X 1E1,Residential,1976.0,3.0,2.0,4.0,4.0,42.67,30.48
10,1099000.0,29.0,K1T 1C3,Residential,1982.0,5.0,4.0,10.0,3.0,45.72,30.48
20,529900.0,20.0,K4P 1B2,Residential,1972.0,3.0,2.0,6.0,3.0,45.72,30.48
20,399000.0,1.0,K4P 1M6,Residential,1971.0,3.0,2.0,6.0,1.0,45.72,30.48
20,489900.0,1.0,K0A 1K0,Residential,1970.0,3.0,2.0,10.0,1.0,45.72,30.48
6,699000.0,19.0,K0A 1L0,Commercial,,,,,,45.72,30.48
23,750000.0,11.0,K2M 2T1,Lots/Acreage,,,,,,45.72,30.48
23,750000.0,11.0,K2M 2T1,Lots/Acreage,,,,,,45.72,30.48
22,639000.0,35.0,K1T 3W7,Residential,1975.0,2.0,1.0,10.0,1.0,45.9,30.48
19,1399000.0,1.0,K1C 7G4,Residential,2008.0,6.0,4.0,8.0,5.0,47.24,30.48
19,539000.0,1.0,K1C 7G4,Residential,,3.0,2.0,6.0,0.0,47.24,30.48
11,998000.0,30.0,K1J 6L9,Residential,1953.0,3.0,2.0,6.0,2.0,47.85,30.48
5,699900.0,1.0,K0A 3M0,Residential,2005.0,3.0,3.0,10.0,2.0,68.12,30.48
7,1499975.0,33.0,K2B 6P8,Residential,1982.0,4.0,4.0,6.0,2.0,21.42,30.18
15,1589000.0,75.0,K2A 2J2,Residential,2000.0,4.0,4.0,6.0,2.0,34.85,29.91
10,699000.0,31.0,K1T 1H7,Residential,1950.0,4.0,4.0,5.0,2.0,30.54,29.72
7,1495000.0,69.0,K2B 6G1,Commercial,,,,,,58.52,29.26
13,1489000.0,42.0,K1M 0T5,Residential,1929.0,4.0,3.0,4.0,1.0,28.38,29.08
16,599900.0,35.0,K2C 0N2,Residential,,3.0,2.0,4.0,0.0,19.29,28.78
8,549900.0,42.0,K2C 2X8,Residential,1959.0,2.0,1.0,3.0,0.0,16.93,28.66
14,1599900.0,68.0,K1A 6W9,Residential,1938.0,5.0,5.0,4.0,2.0,12.19,28.35
11,1795000.0,30.0,K1J 6L7,Residential,1950.0,4.0,3.0,7.0,2.0,121.1,28.22
20,310000.0,1.0,K4P 0E3,Lots/Acreage,,,,,,68.88,28.08
18,1399000.0,18.0,K1H 5Z3,Multifamily,1954.0,,,6.0,2.0,32.1,28.01
18,1399000.0,18.0,K1H 5Z3,Multifamily,1954.0,,,6.0,2.0,32.1,28.01
18,1239000.0,60.0,K1H 6K4,Residential,1997.0,4.0,2.0,8.0,3.0,24.44,27.9
10,799900.0,8.0,K1T 3W9,Residential,1958.0,3.0,3.0,6.0,0.0,34.44,27.84
7,1049000.0,64.0,K2A 3C2,Residential,,3.0,4.0,7.0,3.0,40.23,27.74
17,1048000.0,48.0,K1S 5E1,Residential,1929.0,5.0,2.0,1.0,0.0,18.98,27.69
20,289000.0,1.0,K4P 0G3,Lots/Acreage,,,,,,72.5,27.59
13,3350000.0,20.0,K1M 0Y5,Residential,2001.0,7.0,6.0,8.0,2.0,45.72,27.43
6,899000.0,65.0,K2S 1B9,Multifamily,,,,8.0,0.0,31.46,27.41
9,1499000.0,9.0,K2E 7A9,Residential,2004.0,5.0,5.0,6.0,3.0,38.1,27.06
20,349900.0,1.0,K0P 2P0,Residential,,3.0,2.0,4.0,1.0,76.8,26.75
24,2489000.0,10.0,K2C 3H1,Residential,2017.0,5.0,6.0,15.0,3.0,115.98,26.24
8,1055000.0,20.0,K2C 0W8,Residential,1970.0,4.0,3.0,6.0,2.0,29.63,25.91
11,849900.0,32.0,K1J 8L1,Residential,1975.0,5.0,5.0,6.0,2.0,30.48,25.91
13,2580000.0,19.0,K1M 0V6,Residential,1911.0,6.0,6.0,8.0,2.0,45.72,25.91
16,1200000.0,47.0,K2C 1N3,Residential,1975.0,5.0,5.0,6.0,2.0,45.83,25.82
10,699000.0,27.0,K1T 1C7,Residential,1958.0,3.0,3.0,8.0,2.0,31.58,25.61
16,1288000.0,40.0,K2C 2B8,Residential,1960.0,4.0,2.0,20.0,0.0,37.69,25.57
9,695000.0,23.0,K2E 6S3,Residential,,3.0,3.0,8.0,2.0,32.46,24.69
18,999900.0,32.0,K1H 6P2,Residential,1968.0,6.0,4.0,6.0,2.0,30.48,24.55
11,886000.0,35.0,K1J 6L6,Lots/Acreage,,,,,,85.74,24.48
11,868000.0,35.0,K1J 6L6,Lots/Acreage,,,,,,92.2,24.48
18,1349900.0,32.0,K1H 7B8,Residential,1968.0,4.0,4.0,8.0,2.0,30.48,24.38
18,1750000.0,26.0,K1H 5B3,Residential,2008.0,2.0,4.0,8.0,2.0,38.1,24.38
7,898000.0,48.0,K2A 3J4,Lots/Acreage,,,,,,41.28,24.38
7,898000.0,48.0,K2A 3J4,Lots/Acreage,,,,,,41.28,24.38
15,5295000.0,71.0,K1Z 6C2,Lots/Acreage,,,,,,88.09,24.38
20,599000.0,1.0,K4B 1P6,Commercial,1962.0,,,4.0,,127.23,24.38
16,1350000.0,35.0,K2C 0H7,Residential,1987.0,4.0,4.0,4.0,2.0,29.14,24.19
3,675000.0,24.0,K2J 1H2,Residential,1971.0,4.0,3.0,4.0,2.0,30.48,24.08
16,699000.0,49.0,K2C 1P3,Lots/Acreage,,,,,,59.1,23.96
24,685000.0,22.0,K2G 6M2,Residential,1999.0,4.0,4.0,6.0,2.0,40.81,23.94
18,729900.0,26.0,K1H 5P3,Lots/Acreage,,,,,,35.54,23.87
18,729900.0,26.0,K1H 5P3,Lots/Acreage,,,,,,35.54,23.87
24,989900.0,13.0,K2J 3Z8,Residential,1990.0,3.0,3.0,8.0,2.0,48.87,23.61
24,3750000.0,9.0,K2C 3H1,Residential,2010.0,6.0,6.0,8.0,4.0,105.08,22.98
10,599999.0,38.0,K1T 1E3,Residential,1985.0,4.0,3.0,8.0,2.0,46.92,22.94
7,1549000.0,54.0,K2A 1J9,Residential,1964.0,5.0,5.0,4.0,2.0,35.26,22.88
17,2350000.0,83.0,K1S 1Y9,Residential,,7.0,7.0,7.0,2.0,27.43,22.86
9,639000.0,51.0,K2E 6B1,Residential,1961.0,3.0,3.0,6.0,1.0,30.48,22.86
9,699000.0,18.0,K2G 1B6,Residential,1960.0,4.0,2.0,6.0,2.0,30.48,22.86
11,659000.0,28.0,K1J 7M4,Lots/Acreage,,,,,,53.34,22.86
11,659000.0,28.0,K1J 7M4,Lots/Acreage,,,,,,53.34,22.86
16,1074900.0,35.0,K2C 1P5,Residential,1983.0,5.0,4.0,5.0,1.0,60.84,22.86
11,799900.0,33.0,K1J 7J9,Residential,1951.0,5.0,3.0,4.0,1.0,60.96,22.86
2,1200000.0,64.0,K1C 1T1,Commercial,,,,,,60.96,22.86
19,749900.0,3.0,K1W 1G2,Residential,1974.0,5.0,3.0,8.0,0.0,101.13,22.8
11,679000.0,34.0,K1J 7M4,Lots/Acreage,,,,,,56.56,22.69
11,679000.0,34.0,K1J 7M4,Lots/Acreage,,,,,,56.56,22.69
13,1698000.0,30.0,K1L 8J6,Residential,1983.0,4.0,4.0,4.0,2.0,31.62,22.25
10,899000.0,38.0,K1T 1E3,Lots/Acreage,,,,,,90.53,22.25
18,689900.0,79.0,K1V 7T2,Residential,1955.0,4.0,3.0,4.0,1.0,32.0,21.95
19,599900.0,23.0,K4A 4C4,Residential,2003.0,4.0,4.0,6.0,2.0,32.78,21.7
21,424900.0,2.0,K0A 2Z0,Residential,1969.0,4.0,2.0,8.0,2.0,64.92,21.64
24,1800000.0,10.0,K2G 6Y4,Residential,2009.0,5.0,6.0,6.0,2.0,52.01,21.4
9,939900.0,33.0,K2E 5A4,Residential,1976.0,4.0,3.0,8.0,2.0,30.48,21.35
15,1149900.0,69.0,K2A 4G2,Residential,1993.0,3.0,3.0,3.0,1.0,20.12,21.34
23,775000.0,43.0,K2L 2N6,Residential,1981.0,4.0,3.0,4.0,2.0,27.43,21.34
18,1244900.0,22.0,K1H 5P4,Residential,1968.0,4.0,5.0,6.0,2.0,27.43,21.34
8,649900.0,21.0,K2G 0T9,Residential,1968.0,4.0,3.0,3.0,1.0,30.48,21.34
9,519900.0,37.0,K2E 5Y4,Residential,1950.0,5.0,3.0,4.0,0.0,33.53,21.34
18,1175000.0,29.0,K1H 5G7,Residential,1959.0,4.0,3.0,6.0,2.0,34.02,21.34
5,129900.0,5.0,K0A 3M0,Lots/Acreage,,,,,,38.1,21.34
5,142500.0,5.0,K0A 3M0,Lots/Acreage,,,,,,99.06,21.34
18,699900.0,79.0,K1V 7T2,Residential,1972.0,3.0,4.0,7.0,1.0,32.0,21.03
13,1575000.0,52.0,K1M 1P2,Lots/Acreage,,,,,,35.36,20.73
13,1575000.0,52.0,K1M 1P2,Lots/Acreage,,,,,,35.36,20.73
8,995000.0,33.0,K2H 7G7,Residential,1962.0,4.0,4.0,6.0,2.0,38.69,20.4
7,998000.0,13.0,K2B 5Y7,Residential,1967.0,6.0,4.0,3.0,0.0,30.18,20.12
14,1299000.0,78.0,K1R 5T7,Lots/Acreage,,,,,,30.18,20.12
14,1299000.0,78.0,K1R 5T7,Lots/Acreage,,,,,,30.18,20.12
1,549900.0,64.0,K1C 1L5,Residential,1940.0,4.0,2.0,5.0,0.0,38.22,20.12
1,549900.0,64.0,K1C 1L5,Residential,1940.0,4.0,2.0,5.0,0.0,38.22,20.12
5,419900.0,1.0,K0A 1X0,Multifamily,,,,1.0,,50.29,20.12
5,257500.0,7.0,K0A 3M0,Residential,1985.0,2.0,1.0,3.0,0.0,32.24,20.09
6,625000.0,34.0,K2S 1P1,Residential,1981.0,4.0,4.0,6.0,2.0,32.81,20.0
7,699000.0,8.0,K2H 5P3,Residential,1962.0,4.0,2.0,3.0,1.0,30.48,19.81
9,595000.0,30.0,K2E 5A9,Residential,1960.0,4.0,2.0,5.0,0.0,30.48,19.81
23,499000.0,48.0,K2L 1L1,Residential,,4.0,2.0,3.0,1.0,30.48,19.81
9,620000.0,16.0,K2E 6N4,Residential,,4.0,2.0,2.0,0.0,30.48,19.81
8,599900.0,33.0,K2H 7P1,Residential,1965.0,3.0,2.0,5.0,0.0,33.53,19.81
16,624900.0,9.0,K1V 8P3,Residential,1961.0,4.0,2.0,6.0,1.0,33.83,19.75
14,849900.0,89.0,K2P 1K3,Residential,1920.0,9.0,3.0,5.0,0.0,18.29,19.51
7,1350000.0,73.0,K2A 3P1,Residential,2019.0,3.0,5.0,6.0,2.0,19.2,19.51
10,589000.0,56.0,K1V 7S7,Residential,1968.0,4.0,4.0,3.0,1.0,30.48,19.51
7,469900.0,79.0,K2B 6H5,Residential,,3.0,2.0,3.0,2.0,36.36,19.51
1,499900.0,5.0,K4C 1C5,Residential,1963.0,2.0,2.0,8.0,2.0,47.6,19.51
12,899900.0,70.0,K1L 6W5,Residential,1940.0,5.0,2.0,4.0,0.0,30.85,19.45
18,1099000.0,28.0,K1H 2J1,Residential,2006.0,4.0,5.0,6.0,2.0,29.7,19.41
15,1250000.0,65.0,K1Z 7H1,Residential,1948.0,3.0,1.0,6.0,2.0,29.08,19.37
15,1250000.0,65.0,K1Z 7H1,Residential,1948.0,3.0,1.0,6.0,2.0,29.08,19.37
11,1980000.0,49.0,K1J 6W7,Residential,2017.0,4.0,4.0,10.0,2.0,36.58,19.05
3,949900.0,6.0,K2J 5N7,Residential,2004.0,4.0,5.0,4.0,2.0,35.86,18.92
18,679900.0,32.0,K1H 5T8,Residential,1966.0,4.0,3.0,4.0,1.0,30.48,18.9
7,749900.0,11.0,K2H 5K3,Residential,1964.0,5.0,3.0,3.0,1.0,30.48,18.9
21,1475000.0,1.0,K2R 1C7,Residential,1997.0,5.0,4.0,8.0,2.0,85.49,18.77
1,595000.0,39.0,K4A 1T3,Residential,1984.0,4.0,3.0,5.0,2.0,27.0,18.65
16,349880.0,40.0,K1V 9K7,Lots/Acreage,,,,,,33.22,18.54
3,779900.0,8.0,K2J 4Y5,Residential,2001.0,3.0,2.0,4.0,2.0,37.5,18.53
11,539000.0,44.0,K1J 7L6,Lots/Acreage,,,,,,54.86,18.44
11,539000.0,44.0,K1J 7L6,Lots/Acreage,,,,,,54.86,18.44
9,695000.0,24.0,K2G 5P3,Lots/Acreage,,,,,,33.7,18.42
13,1999900.0,40.0,K1M 1N8,Residential,1875.0,5.0,4.0,4.0,2.0,30.18,18.36
10,1089000.0,40.0,K1T 2S1,Residential,1985.0,4.0,4.0,4.0,2.0,30.5,18.3
13,839900.0,25.0,K1K 3G5,Residential,1949.0,4.0,2.0,4.0,1.0,25.91,18.29
13,1149999.0,27.0,K1K 3G4,Residential,1948.0,3.0,3.0,3.0,1.0,25.91,18.29
15,1299000.0,65.0,K2A 2J7,Residential,1912.0,4.0,3.0,3.0,1.0,29.6,18.29
15,2400000.0,66.0,K2A 2L2,Residential,2016.0,5.0,4.0,6.0,2.0,30.12,18.29
10,669000.0,46.0,K1T 1E9,Residential,1955.0,3.0,2.0,5.0,1.0,30.18,18.29
18,724900.0,29.0,K1H 7A6,Residential,1970.0,4.0,3.0,6.0,2.0,30.48,18.29
11,649900.0,10.0,K1J 6B3,Residential,1970.0,5.0,2.0,5.0,1.0,30.48,18.29
13,799000.0,73.0,K1K 1C1,Residential,,6.0,3.0,5.0,0.0,33.22,18.29
18,1185000.0,20.0,K1H 5E1,Residential,1978.0,5.0,2.0,8.0,2.0,34.61,18.29
16,1275000.0,4.0,K1V 7C9,Residential,1995.0,4.0,4.0,6.0,2.0,35.77,18.29
18,650000.0,64.0,K1H 7M7,Residential,1957.0,3.0,2.0,4.0,1.0,36.58,18.29
7,1099000.0,51.0,K2B 5H2,Residential,1963.0,4.0,4.0,6.0,2.0,38.85,18.29
16,650000.0,41.0,K2C 1V4,Residential,1950.0,4.0,3.0,5.0,2.0,48.98,18.29
16,1320000.0,37.0,K2C 0N1,Residential,1980.0,5.0,4.0,6.0,2.0,49.07,18.29
1,435000.0,40.0,K4A 2L9,Residential,1992.0,3.0,2.0,3.0,1.0,31.96,18.15
15,1785000.0,93.0,K1Y 0W4,Residential,1915.0,7.0,4.0,6.0,2.0,31.7,17.98
13,3050000.0,69.0,K1K 1N3,Multifamily,2016.0,,,4.0,1.0,30.48,17.75
6,985000.0,45.0,K2S 0R8,Residential,2020.0,5.0,3.0,6.0,2.0,32.4,17.68
18,699900.0,36.0,K1H 6N4,Residential,1969.0,4.0,3.0,4.0,1.0,35.69,17.39
17,1495000.0,85.0,K1S 3P7,Residential,,3.0,2.0,4.0,1.0,28.32,17.37
10,699000.0,30.0,K1T 3R9,Residential,1995.0,4.0,3.0,4.0,2.0,34.83,17.23
14,1348800.0,94.0,K1R 5W6,Multifamily,1887.0,,,7.0,0.0,34.41,17.12
2,550000.0,31.0,K1B 3A6,Residential,1972.0,3.0,2.0,3.0,1.0,30.48,17.07
18,789900.0,48.0,K1G 0P5,Residential,1958.0,2.0,2.0,5.0,1.0,30.37,16.99
8,699000.0,50.0,K2H 8A7,Residential,1958.0,5.0,2.0,4.0,0.0,44.67,16.91
8,699000.0,50.0,K2H 8A7,Residential,1958.0,5.0,2.0,4.0,0.0,44.67,16.91
7,1350000.0,45.0,K2B 6N1,Residential,,3.0,4.0,6.0,2.0,23.86,16.77
11,750000.0,42.0,K1J 6K8,Residential,1970.0,4.0,2.0,3.0,1.0,30.48,16.76
18,569000.0,27.0,K1G 2Y2,Residential,1962.0,3.0,2.0,3.0,0.0,30.48,16.76
2,689900.0,52.0,K1C 2G2,Residential,1978.0,3.0,4.0,6.0,2.0,30.68,16.76
13,775000.0,63.0,K1K 0S9,Commercial,1953.0,,,,,33.53,16.76
11,1950000.0,30.0,K1J 6L8,Residential,1981.0,5.0,6.0,9.0,3.0,38.59,16.76
18,890000.0,32.0,K1G 0X1,Residential,1966.0,3.0,4.0,3.0,1.0,33.53,16.48
12,489000.0,54.0,K1L 5C7,Lots/Acreage,,,,,,30.48,16.46
17,2975000.0,76.0,K1S 1P3,Residential,1926.0,4.0,5.0,8.0,2.0,57.3,16.23
16,1350000.0,43.0,K2C 1S1,Residential,2014.0,5.0,6.0,6.0,2.0,30.48,16.15
12,599900.0,70.0,K1L 5M9,Residential,1930.0,3.0,1.0,3.0,1.0,30.48,16.15
23,449000.0,25.0,K2L 1T1,Residential,1970.0,2.0,2.0,4.0,0.0,31.39,16.15
16,749900.0,37.0,K2C 1W4,Residential,1948.0,3.0,1.0,4.0,1.0,54.74,16.02
8,994900.0,81.0,K2G 2H8,Residential,2014.0,4.0,3.0,6.0,2.0,27.41,16.01
16,1150000.0,54.0,K2C 1P1,Residential,1987.0,5.0,4.0,7.0,2.0,59.29,16.0
18,1598000.0,16.0,K1H 5W3,Residential,2012.0,4.0,5.0,6.0,2.0,45.72,15.84
6,197000.0,21.0,K2S 1P6,Lots/Acreage,,,,,,45.67,15.73
17,1699000.0,82.0,K1S 3M4,Residential,1933.0,5.0,4.0,3.0,1.0,26.01,15.65
7,666600.0,52.0,K2B 8K4,Residential,1982.0,5.0,3.0,1.0,1.0,29.55,15.61
16,475000.0,48.0,K2C 1P8,Residential,1972.0,4.0,3.0,5.0,1.0,30.48,15.54
16,499900.0,52.0,K1Z 8E8,Residential,1950.0,4.0,2.0,2.0,0.0,30.48,15.54
18,588000.0,40.0,K1G 0V3,Residential,1958.0,3.0,4.0,4.0,1.0,32.23,15.54
16,729900.0,17.0,K1V 6Y7,Residential,1973.0,4.0,3.0,2.0,1.0,30.48,15.47
13,1095000.0,69.0,K1M 2B4,Residential,1912.0,2.0,2.0,2.0,0.0,25.26,15.36
1,799900.0,28.0,K4A 3C4,Residential,1990.0,4.0,4.0,4.0,2.0,30.75,15.35
17,1395000.0,81.0,K1S 0X9,Residential,2006.0,2.0,3.0,3.0,2.0,22.28,15.34
21,1399900.0,3.0,K4M 1J8,Residential,2020.0,5.0,3.0,6.0,2.0,59.32,15.32
22,949900.0,2.0,K1V 2K1,Residential,2009.0,5.0,4.0,5.0,2.0,31.0,15.3
12,499900.0,76.0,K1L 5H4,Residential,1954.0,4.0,2.0,2.0,0.0,12.19,15.24
16,969000.0,47.0,K1Z 6G3,Residential,2020.0,5.0,5.0,3.0,2.0,15.24,15.24
12,399900.0,76.0,K1L 7M4,Residential,,3.0,3.0,3.0,1.0,20.12,15.24
13,565000.0,55.0,K1K 1V3,Lots/Acreage,,,,,,25.91,15.24
10,1100000.0,47.0,K1T 0C7,Residential,2011.0,4.0,5.0,4.0,2.0,26.8,15.24
7,599999.0,65.0,K2B 5C2,Residential,1962.0,4.0,2.0,3.0,0.0,27.43,15.24
8,1325000.0,40.0,K2G 2G1,Residential,2020.0,4.0,5.0,4.0,2.0,27.44,15.24
7,2179000.0,60.0,K2A 2R3,Residential,2020.0,4.0,4.0,4.0,2.0,27.89,15.24
7,800000.0,49.0,K2A 3B3,Residential,,4.0,3.0,3.0,1.0,28.8,15.24
15,1100000.0,88.0,K1Y 0P2,Residential,1940.0,4.0,3.0,6.0,1.0,29.26,15.24
15,1585000.0,85.0,K1Y 0N1,Residential,,5.0,4.0,3.0,0.0,29.26,15.24
13,699900.0,68.0,K1K 1K9,Residential,1950.0,5.0,2.0,4.0,1.0,29.72,15.24
16,495000.0,61.0,K1Z 7Y4,Multifamily,1940.0,,,5.0,,30.18,15.24
18,715500.0,81.0,K1V 6C7,Residential,,4.0,2.0,2.0,0.0,30.42,15.24
7,2145000.0,65.0,K2A 3B9,Residential,2018.0,6.0,5.0,4.0,2.0,30.48,15.24
7,1999950.0,38.0,K2A 0B9,Residential,1988.0,4.0,4.0,6.0,2.0,30.48,15.24
9,700000.0,32.0,K2G 4J9,Residential,1986.0,6.0,4.0,5.0,2.0,30.48,15.24
1,589000.0,56.0,K4A 1V6,Residential,1985.0,5.0,4.0,4.0,2.0,30.48,15.24
7,899900.0,59.0,K2B 6Y3,Multifamily,1978.0,,,4.0,,30.48,15.24
8,585000.0,32.0,K2H 7L5,Residential,1969.0,4.0,2.0,5.0,1.0,30.48,15.24
8,600000.0,34.0,K2H 6Z1,Residential,1963.0,4.0,2.0,3.0,0.0,30.48,15.24
18,524900.0,46.0,K1G 2W4,Residential,1961.0,3.0,2.0,3.0,0.0,30.48,15.24
8,849880.0,30.0,K2C 0T9,Multifamily,1959.0,,,3.0,0.0,30.48,15.24
8,849880.0,30.0,K2C 0T9,Multifamily,1959.0,,,3.0,0.0,30.48,15.24
7,1150000.0,51.0,K2A 2W3,Residential,1950.0,4.0,2.0,2.0,0.0,30.48,15.24
17,899900.0,65.0,K1V 8E1,Multifamily,1950.0,,,5.0,,30.48,15.24
16,875000.0,57.0,K1Z 7Z5,Multifamily,1945.0,,,4.0,0.0,30.48,15.24
15,1198000.0,70.0,K1Y 0V1,Residential,1940.0,5.0,3.0,7.0,2.0,30.48,15.24
15,1198000.0,70.0,K1Y 0V1,Residential,1940.0,5.0,3.0,7.0,2.0,30.48,15.24
13,1150000.0,81.0,K1M 1E3,Multifamily,1937.0,,,3.0,2.0,30.48,15.24
7,949000.0,66.0,K2B 7E4,Residential,,6.0,2.0,6.0,0.0,30.48,15.24
7,749000.0,65.0,K2A 3B9,Residential,,3.0,3.0,2.0,0.0,30.48,15.24
15,760000.0,61.0,K1Y 0J5,Residential,,2.0,2.0,3.0,0.0,30.48,15.24
16,529000.0,48.0,K1Z 6H9,Lots/Acreage,,,,,,30.48,15.24
16,529000.0,48.0,K1Z 6H9,Lots/Acreage,,,,,,30.48,15.24
22,1140000.0,23.0,K1T 0N4,Residential,2014.0,4.0,4.0,4.0,2.0,30.91,15.24
17,2200000.0,83.0,K1S 2G7,Residential,1915.0,5.0,4.0,4.0,1.0,31.39,15.24
15,879900.0,67.0,K2A 2K5,Residential,1947.0,4.0,3.0,5.0,1.0,31.5,15.24
13,700000.0,58.0,K1K 1S2,Lots/Acreage,,,,,,31.7,15.24
15,2495000.0,71.0,K2A 0E5,Residential,2015.0,4.0,4.0,4.0,2.0,32.0,15.24
6,939000.0,19.0,K2S 0W3,Residential,2015.0,4.0,3.0,4.0,2.0,32.0,15.24
6,700000.0,40.0,K2S 0B9,Residential,2007.0,4.0,3.0,4.0,2.0,32.0,15.24
6,819900.0,9.0,K2S 2G9,Residential,2006.0,6.0,4.0,6.0,2.0,32.0,15.24
17,2600000.0,78.0,K1S 1Z1,Residential,1913.0,5.0,3.0,4.0,1.0,32.0,15.24
2,340000.0,25.0,K1C 3B1,Lots/Acreage,,,,,,32.0,15.24
18,577000.0,53.0,K1G 0R2,Residential,1958.0,3.0,2.0,3.0,0.0,32.06,15.24
12,550000.0,67.0,K1K 3L8,Residential,1960.0,3.0,2.0,12.0,1.0,32.87,15.24
23,679000.0,44.0,K2M 1R3,Residential,1989.0,6.0,4.0,6.0,2.0,33.53,15.24
15,1349000.0,67.0,K1Z 5J6,Multifamily,1960.0,,,3.0,0.0,33.53,15.24
15,1349000.0,67.0,K1Z 5J6,Multifamily,1960.0,,,3.0,0.0,33.53,15.24
17,1588000.0,57.0,K1S 2B8,Residential,,4.0,4.0,2.0,1.0,33.53,15.24
15,1479000.0,82.0,K1Y 1Z4,Multifamily,1940.0,,,8.0,4.0,34.75,15.24
7,750000.0,49.0,K2B 6B3,Multifamily,1965.0,,,6.0,,34.95,15.24
7,750000.0,49.0,K2B 6B3,Multifamily,1965.0,,,6.0,,34.95,15.24
7,2295000.0,58.0,K2A 3E2,Residential,2019.0,6.0,5.0,4.0,2.0,35.05,15.24
4,1090000.0,22.0,K2T 1J4,Residential,2002.0,4.0,4.0,6.0,2.0,36.58,15.24
16,1299000.0,24.0,K2C 4G9,Residential,2006.0,7.0,4.0,6.0,2.0,37.4,15.24
1,799900.0,16.0,K4A 4T4,Residential,2004.0,6.0,4.0,6.0,2.0,40.02,15.24
7,695000.0,49.0,K2B 6B5,Lots/Acreage,,,,,,40.44,15.24
7,695000.0,49.0,K2B 6B5,Lots/Acreage,,,,,,40.44,15.24
16,330000.0,52.0,K1V 8E7,Lots/Acreage,,,,,,41.15,15.24
5,225000.0,3.0,K0A 3M0,Residential,1960.0,3.0,1.0,5.0,1.0,76.1,15.22
1,690000.0,47.0,K4A 1S6,Residential,1987.0,4.0,3.0,6.0,2.0,30.5,15.2
1,524900.0,38.0,K4A 2S9,Residential,1989.0,3.0,3.0,6.0,2.0,33.5,15.2
4,899000.0,33.0,K2T 1H2,Residential,2001.0,4.0,3.0,6.0,2.0,31.97,15.17
1,713963.0,1.0,K4A 1K1,Residential,2020.0,2.0,2.0,4.0,2.0,31.44,15.07
15,2239000.0,74.0,K1Z 8N2,Residential,2020.0,4.0,4.0,4.0,2.0,22.39,15.0
10,320000.0,9.0,K1T 3W9,Lots/Acreage,,,,,,34.44,15.0
4,1250000.0,20.0,K2K 2N6,Residential,1993.0,4.0,4.0,6.0,2.0,41.79,15.0
17,1775000.0,47.0,K1S 5P7,Residential,2017.0,3.0,4.0,2.0,2.0,16.81,14.89
10,1099000.0,24.0,K1T 1J1,Residential,2020.0,4.0,3.0,4.0,2.0,30.52,14.77
16,749900.0,40.0,K1Z 8L2,Multifamily,1955.0,,,6.0,1.0,29.26,14.71
18,699900.0,72.0,K1H 7P9,Residential,1968.0,4.0,2.0,4.0,1.0,24.67,14.63
15,569900.0,64.0,K1Y 4B9,Lots/Acreage,,,,,,26.82,14.63
10,599000.0,23.0,K1T 2G8,Residential,1983.0,4.0,3.0,6.0,2.0,30.48,14.5
13,899000.0,82.0,K1K 1L3,Multifamily,1960.0,,,4.0,,28.71,14.48
24,664888.0,43.0,K2J 4Y8,Residential,2002.0,3.0,3.0,4.0,2.0,31.0,14.21
6,769900.0,6.0,K2V 0C4,Residential,2017.0,4.0,3.0,6.0,2.0,45.91,14.19
13,1250000.0,69.0,K1M 0R2,Residential,1940.0,4.0,4.0,4.0,0.0,29.69,14.1
1,950000.0,28.0,K4A 3E3,Residential,1989.0,4.0,4.0,6.0,2.0,53.49,14.05
17,949900.0,62.0,K1S 0Y2,Lots/Acreage,,,,,,20.12,14.02
12,449000.0,77.0,K1L 6K6,Lots/Acreage,,,,,,24.99,14.02
12,449000.0,77.0,K1L 6K6,Lots/Acreage,,,,,,24.99,14.02
24,619900.0,31.0,K2G 7A3,Residential,2004.0,4.0,4.0,4.0,1.0,26.5,13.94
22,824900.0,5.0,K1T 0L5,Residential,2015.0,5.0,5.0,4.0,2.0,30.28,13.85
22,775000.0,5.0,K1T 3T8,Residential,2012.0,4.0,4.0,4.0,2.0,32.0,13.82
2,589900.0,43.0,K1C 7C3,Residential,1990.0,3.0,4.0,6.0,2.0,25.89,13.78
6,949000.0,25.0,K2S 0W4,Residential,2017.0,5.0,5.0,4.0,2.0,30.0,13.75
22,950000.0,26.0,K1T 0N7,Residential,2018.0,4.0,4.0,6.0,2.0,31.0,13.75
4,719900.0,14.0,K2K 2L8,Residential,1989.0,3.0,3.0,2.0,1.0,42.03,13.75
13,1150000.0,73.0,K1M 0Y8,Residential,2003.0,3.0,3.0,3.0,1.0,24.14,13.72
12,499900.0,71.0,K1L 7B3,Residential,,3.0,2.0,3.0,0.0,26.73,13.72
16,499900.0,60.0,K1V 6V4,Residential,1950.0,3.0,2.0,3.0,0.0,27.43,13.72
22,789900.0,18.0,K1T 0G4,Residential,2010.0,4.0,3.0,4.0,2.0,33.13,13.72
7,669000.0,10.0,K2H 5N7,Residential,1960.0,4.0,2.0,3.0,1.0,46.02,13.72
10,320000.0,8.0,K1T 3W9,Lots/Acreage,,,,,,46.94,13.72
8,399900.0,77.0,K2G 1Y9,Lots/Acreage,,,,,,27.43,13.7
24,699900.0,32.0,K2G 6E9,Residential,1999.0,4.0,4.0,4.0,2.0,34.0,13.7
13,799900.0,34.0,K1K 4T9,Residential,2003.0,2.0,2.0,4.0,2.0,31.09,13.6
1,539900.0,68.0,K4A 2Z2,Residential,1992.0,3.0,4.0,5.0,1.0,32.16,13.55
24,699900.0,53.0,K2J 4T3,Residential,2000.0,4.0,3.0,4.0,2.0,26.5,13.45
22,579900.0,15.0,K1V 1N9,Residential,2000.0,3.0,3.0,5.0,1.0,33.0,13.45
8,999000.0,55.0,K2G 6J9,Residential,1997.0,6.0,5.0,4.0,2.0,22.5,13.3
13,1299000.0,71.0,K1M 2A4,Residential,1955.0,4.0,3.0,3.0,0.0,36.94,13.17
19,879900.0,7.0,K4A 1G3,Residential,2018.0,4.0,5.0,6.0,1.0,32.61,13.11
3,779900.0,2.0,K2J 6K4,Residential,2018.0,4.0,3.0,4.0,2.0,25.0,13.1
10,699900.0,35.0,K1G 5E4,Residential,1988.0,6.0,4.0,6.0,2.0,30.5,13.1
4,1385000.0,10.0,K2T 0E1,Residential,2013.0,6.0,5.0,6.0,2.0,33.09,13.0
2,649888.0,19.0,K1C 6A6,Residential,1986.0,4.0,4.0,6.0,2.0,34.49,13.0
2,899900.0,43.0,K1C 6K9,Residential,1991.0,5.0,4.0,8.0,2.0,44.53,13.0
18,595000.0,38.0,K1H 6J3,Lots/Acreage,,,,,,36.15,12.98
12,479000.0,77.0,K1L 6H1,Residential,1955.0,5.0,3.0,3.0,0.0,27.16,12.95
12,479000.0,77.0,K1L 6H1,Residential,1955.0,5.0,3.0,3.0,0.0,27.16,12.95
15,849000.0,69.0,K2A 2B7,Multifamily,1958.0,,,5.0,,36.27,12.95
19,699900.0,13.0,K4A 0E7,Residential,2009.0,4.0,3.0,5.0,2.0,32.01,12.82
4,935999.0,1.0,K2T 0M1,Residential,2018.0,4.0,3.0,4.0,2.0,31.7,12.8
4,935999.0,1.0,K2T 0M1,Residential,2018.0,4.0,3.0,4.0,2.0,31.7,12.8
6,774900.0,7.0,K2V 0N2,Residential,2019.0,3.0,3.0,4.0,2.0,31.97,12.8
3,699888.0,30.0,K2J 2X5,Residential,1989.0,4.0,3.0,6.0,2.0,43.76,12.55
16,794900.0,45.0,K2C 0H4,Residential,1963.0,4.0,3.0,6.0,0.0,35.18,12.54
7,975000.0,67.0,K2B 5G6,Residential,2016.0,3.0,4.0,2.0,1.0,30.48,12.5
24,649900.0,46.0,K2G 6K9,Residential,1998.0,4.0,3.0,4.0,2.0,22.5,12.42
16,799000.0,69.0,K1Z 6N1,Residential,1925.0,4.0,2.0,3.0,0.0,30.49,12.35
2,650000.0,43.0,K1C 6M2,Residential,1987.0,4.0,3.0,4.0,2.0,34.83,12.32
3,415000.0,30.0,K2J 2B2,Residential,1980.0,3.0,2.0,3.0,1.0,27.31,12.26
19,649900.0,1.0,K1W 0A4,Residential,2008.0,4.0,4.0,6.0,2.0,30.0,12.2
15,699900.0,67.0,K1Z 7J4,Residential,1987.0,3.0,3.0,3.0,1.0,15.24,12.19
17,1999000.0,73.0,K1S 1N5,Residential,1955.0,3.0,3.0,5.0,1.0,20.12,12.19
17,825000.0,81.0,K1S 0W8,Residential,1925.0,3.0,1.0,2.0,0.0,26.67,12.19
15,1025000.0,70.0,K1Y 1C8,Residential,1936.0,4.0,2.0,3.0,1.0,26.82,12.19
17,849900.0,54.0,K1S 2R3,Residential,1935.0,3.0,2.0,3.0,1.0,27.43,12.19
17,779000.0,65.0,K1S 0J6,Residential,1930.0,3.0,1.0,2.0,1.0,27.43,12.19
17,1050000.0,65.0,K1S 2V5,Residential,1924.0,3.0,3.0,1.0,0.0,28.96,12.19
12,375000.0,67.0,K1L 5H2,Multifamily,1956.0,,,6.0,1.0,30.48,12.19
12,375000.0,67.0,K1L 5H2,Multifamily,1956.0,,,6.0,1.0,30.48,12.19
12,425000.0,70.0,K1L 5J8,Residential,,3.0,2.0,4.0,0.0,30.48,12.19
17,1380000.0,57.0,K1S 2N6,Residential,1936.0,5.0,3.0,6.0,2.0,31.39,12.19
17,1380000.0,57.0,K1S 2N6,Residential,1936.0,5.0,3.0,6.0,2.0,31.39,12.19
2,474900.0,42.0,K1C 1W4,Residential,1976.0,3.0,2.0,3.0,1.0,35.05,12.19
2,889900.0,36.0,K1C 1M4,Residential,2019.0,5.0,4.0,4.0,2.0,83.29,12.19
14,1695000.0,97.0,K2P 0G8,Residential,1900.0,4.0,3.0,3.0,0.0,22.78,12.18
12,1125000.0,75.0,K1N 5E6,Residential,1965.0,8.0,3.0,4.0,4.0,30.18,12.12
12,1125000.0,75.0,K1N 5E6,Residential,1965.0,8.0,3.0,4.0,4.0,30.18,12.12
4,429000.0,48.0,K2K 2V2,Residential,1994.0,3.0,2.0,3.0,1.0,39.88,12.02
12,1750000.0,87.0,K1N 5G1,Multifamily,1900.0,,,0.0,,20.3,11.66
16,599900.0,35.0,K1V 1K9,Residential,1997.0,2.0,2.0,6.0,2.0,41.32,11.65
19,819900.0,6.0,K1W 1H9,Residential,1998.0,4.0,4.0,6.0,2.0,35.54,11.61
19,649000.0,30.0,K4A 4Z4,Residential,2004.0,3.0,4.0,3.0,1.0,26.5,11.6
19,969000.0,35.0,K4A 0G9,Residential,2011.0,6.0,4.0,6.0,2.0,48.16,11.59
24,779900.0,57.0,K2J 5H8,Residential,2004.0,6.0,4.0,4.0,2.0,31.39,11.57
15,899000.0,62.0,K1Y 4E2,Residential,1943.0,3.0,2.0,4.0,3.0,30.18,11.43
7,519900.0,11.0,K2A 0E8,Residential,1962.0,5.0,3.0,3.0,0.0,30.19,11.43
13,830000.0,82.0,K1M 1C6,Residential,1947.0,4.0,2.0,2.0,0.0,17.79,11.34
8,500000.0,62.0,K2G 3B7,Residential,,3.0,2.0,6.0,1.0,34.32,11.3
2,689000.0,54.0,K1C 1H3,Residential,2020.0,4.0,3.0,6.0,2.0,96.48,11.29
2,689000.0,54.0,K1C 1H3,Residential,2020.0,4.0,3.0,6.0,2.0,96.48,11.29
3,749900.0,23.0,K2J 0C1,Residential,2008.0,4.0,4.0,6.0,2.0,32.0,11.28
8,385000.0,38.0,K2C 2C3,Residential,1964.0,3.0,2.0,2.0,0.0,25.91,11.2
23,549000.0,48.0,K2M 1T1,Residential,1987.0,3.0,2.0,2.0,1.0,45.35,11.15
12,1250000.0,77.0,K1N 5B5,Residential,,3.0,2.0,4.0,0.0,30.18,11.09
23,575000.0,24.0,K2M 2V2,Residential,2004.0,3.0,3.0,4.0,2.0,35.1,11.05
4,824900.0,4.0,K2S 1B9,Residential,2016.0,5.0,4.0,4.0,2.0,31.86,11.02
3,664900.0,1.0,K2J 6E8,Residential,2017.0,4.0,3.0,6.0,2.0,28.0,11.0
17,1839000.0,88.0,K1S 2R9,Residential,1920.0,5.0,4.0,4.0,1.0,26.82,10.97
6,739000.0,14.0,K2S 0W8,Residential,2016.0,4.0,5.0,4.0,2.0,27.01,10.97
17,1350000.0,85.0,K1S 1X9,Residential,1914.0,5.0,5.0,3.0,0.0,29.87,10.97
13,899000.0,67.0,K1M 1W1,Residential,,4.0,2.0,3.0,0.0,41.76,10.97
13,899000.0,67.0,K1M 1W1,Residential,,4.0,2.0,3.0,0.0,41.76,10.97
10,889900.0,36.0,K1T 1L8,Residential,1999.0,4.0,4.0,6.0,2.0,38.28,10.83
22,795000.0,10.0,K1X 0G1,Residential,2020.0,3.0,3.0,4.0,2.0,32.0,10.81
19,599900.0,22.0,K4A 0C9,Residential,2008.0,3.0,3.0,6.0,2.0,32.0,10.8
24,599900.0,,K2J 5B8,Residential,2003.0,3.0,3.0,4.0,2.0,30.0,10.77
1,499900.0,47.0,K4A 3H4,Residential,1990.0,3.0,4.0,6.0,2.0,32.89,10.76
22,599000.0,4.0,K4M 1H1,Residential,2001.0,3.0,3.0,4.0,2.0,32.0,10.75
22,799000.0,4.0,K1V 2J8,Residential,2010.0,4.0,4.0,2.0,2.0,33.0,10.75
17,799900.0,73.0,K1S 1K6,Residential,1942.0,3.0,2.0,1.0,0.0,17.68,10.73
3,449900.0,61.0,K2J 2W3,Residential,1987.0,3.0,2.0,3.0,1.0,31.79,10.7
10,649000.0,22.0,K1T 4B1,Residential,2002.0,4.0,3.0,4.0,2.0,31.96,10.69
7,799000.0,49.0,K2B 6B1,Residential,2019.0,4.0,4.0,3.0,1.0,20.88,10.67
15,850000.0,60.0,K1Z 7G8,Residential,1940.0,3.0,2.0,2.0,0.0,24.94,10.67
24,599900.0,61.0,K2J 5J1,Residential,2006.0,4.0,3.0,6.0,2.0,29.92,10.67
16,699000.0,39.0,K2C 4E7,Residential,2005.0,4.0,3.0,4.0,2.0,30.33,10.67
15,1638000.0,79.0,K1Y 0J8,Residential,2020.0,4.0,4.0,2.0,1.0,30.48,10.67
1,599000.0,49.0,K1E 3H3,Residential,1984.0,5.0,4.0,6.0,2.0,30.48,10.67
23,489900.0,52.0,K2L 2V7,Residential,1983.0,3.0,3.0,3.0,1.0,30.48,10.67
9,460000.0,45.0,K2E 6K8,Residential,1963.0,5.0,2.0,3.0,0.0,30.48,10.67
9,510000.0,58.0,K2E 6K5,Residential,1960.0,4.0,2.0,5.0,1.0,30.48,10.67
5,135000.0,5.0,K0A 3M0,Residential,1993.0,1.0,1.0,2.0,0.0,38.1,10.67
6,899900.0,9.0,K2V 0N4,Residential,2019.0,4.0,4.0,4.0,2.0,43.92,10.67
18,699900.0,21.0,K1G 2Z5,Residential,1960.0,3.0,2.0,6.0,1.0,34.23,10.64
24,729900.0,38.0,K2J 5C4,Residential,2003.0,5.0,4.0,4.0,2.0,30.04,10.52
3,499900.0,,K2J 0C4,Residential,2006.0,4.0,3.0,3.0,1.0,31.7,10.52
15,770000.0,83.0,K1Y 2R2,Lots/Acreage,,,,,,30.18,10.5
15,1199800.0,74.0,K2A 1V3,Residential,1935.0,5.0,3.0,2.0,0.0,30.48,10.47
3,599900.0,1.0,K2J 0S5,Residential,2009.0,4.0,3.0,6.0,1.0,25.12,10.36
3,599092.0,3.0,K2J 5Z4,Residential,2014.0,3.0,3.0,3.0,1.0,27.0,10.36
12,499000.0,77.0,K1L 7S4,Multifamily,1930.0,,,2.0,,30.18,10.36
3,499900.0,65.0,K2J 1V9,Residential,1979.0,3.0,2.0,2.0,1.0,30.48,10.36
13,695000.0,77.0,K1K 3B4,Residential,1956.0,3.0,2.0,5.0,0.0,37.79,10.36
6,699000.0,5.0,K2S 2B7,Residential,2005.0,4.0,3.0,4.0,2.0,35.0,10.33
2,399900.0,15.0,K1C 2S5,Residential,1981.0,3.0,2.0,3.0,1.0,30.48,10.31
10,1325000.0,34.0,K1T 4B6,Residential,2002.0,5.0,5.0,8.0,2.0,28.01,10.27
2,389900.0,48.0,K1C 2J1,Residential,1979.0,3.0,3.0,3.0,1.0,30.48,10.25
15,749900.0,65.0,K1Z 7H1,Residential,1987.0,3.0,3.0,3.0,1.0,32.82,10.21
12,5000.0,70.0,K1N 5A9,Residential,2018.0,2.0,2.0,1.0,0.0,30.23,10.14
12,6000.0,70.0,K1N 5A9,Residential,2018.0,3.0,2.0,1.0,0.0,30.23,10.14
12,6000.0,70.0,K1N 5A9,Residential,2018.0,3.0,2.0,1.0,0.0,30.23,10.14
12,5000.0,70.0,K1N 5A9,Residential,2018.0,2.0,2.0,1.0,0.0,30.23,10.14
17,399900.0,71.0,K1V 8C5,Residential,1972.0,4.0,2.0,3.0,1.0,30.48,10.1
12,949000.0,96.0,K1N 5M8,Multifamily,,,,7.0,,31.99,10.09
12,699000.0,95.0,K1N 5M8,Multifamily,,,,5.0,,32.26,10.09
17,1195000.0,67.0,K1S 0V2,Residential,1945.0,4.0,4.0,2.0,0.0,24.69,10.06
14,869900.0,85.0,K1R 6E6,Multifamily,1920.0,,,2.0,,25.63,10.06
17,2795000.0,87.0,K1S 3S9,Residential,2020.0,4.0,4.0,3.0,2.0,25.91,10.06
5,499900.0,19.0,K0A 1L0,Residential,2017.0,3.0,3.0,2.0,1.0,27.36,10.06
12,479900.0,71.0,K1L 5M1,Residential,,2.0,2.0,3.0,0.0,28.96,10.06
15,595000.0,80.0,K1Y 1L9,Lots/Acreage,,,,,,29.26,10.06
14,1299900.0,90.0,K1R 7B8,Residential,2005.0,5.0,3.0,3.0,0.0,30.17,10.06
14,1299900.0,90.0,K1R 7B8,Multifamily,2005.0,,,3.0,1.0,30.17,10.06
15,898900.0,76.0,K1Y 2S5,Multifamily,1940.0,,,3.0,0.0,30.18,10.06
12,599000.0,83.0,K1L 7Z5,Residential,1920.0,2.0,2.0,3.0,0.0,30.18,10.06
17,749900.0,64.0,K1S 1J4,Residential,1910.0,6.0,3.0,2.0,0.0,30.18,10.06
12,1574700.0,74.0,K1N 7Z9,Multifamily,1960.0,,,1.0,,30.48,10.06
17,1399000.0,88.0,K1S 2K1,Residential,1902.0,4.0,3.0,3.0,0.0,31.39,10.06
15,865000.0,72.0,K2A 2A9,Residential,1947.0,3.0,2.0,1.0,0.0,32.44,10.05
13,749900.0,50.0,K1K 4C4,Residential,1984.0,4.0,4.0,5.0,1.0,35.2,9.93
3,529900.0,20.0,K2J 5P8,Residential,2015.0,3.0,3.0,2.0,1.0,35.32,9.93
2,549900.0,23.0,K1C 6J5,Residential,1987.0,4.0,3.0,6.0,2.0,30.5,9.9
2,549900.0,23.0,K1C 6J5,Residential,1987.0,3.0,3.0,5.0,1.0,30.5,9.9
12,799900.0,81.0,K1N 8M2,Residential,1927.0,3.0,2.0,3.0,0.0,16.38,9.88
23,499999.0,9.0,K2R 1G9,Residential,2017.0,3.0,3.0,2.0,1.0,25.0,9.75
12,774900.0,76.0,K1L 5X7,Multifamily,1940.0,,,7.0,,28.96,9.75
12,889900.0,68.0,K1N 8A1,Multifamily,1935.0,,,3.0,1.0,30.48,9.75
12,889900.0,68.0,K1N 8A1,Multifamily,1935.0,,,3.0,1.0,30.48,9.75
16,599900.0,77.0,K1Z 7P4,Residential,,3.0,3.0,2.0,2.0,32.55,9.68
17,599900.0,79.0,K1H 8C1,Residential,1960.0,5.0,2.0,3.0,0.0,28.96,9.6
8,799900.0,32.0,K2G 5P1,Residential,1992.0,4.0,4.0,6.0,2.0,35.05,9.39
16,649900.0,55.0,K1Z 6K2,Residential,2013.0,3.0,4.0,2.0,1.0,15.24,9.36
17,1199900.0,87.0,K1S 3S1,Residential,1892.0,5.0,3.0,3.0,0.0,26.82,9.25
3,449000.0,32.0,K2J 2A3,Residential,1979.0,4.0,3.0,4.0,1.0,30.48,9.25
3,449900.0,24.0,K2J 3N6,Residential,1988.0,3.0,2.0,3.0,1.0,31.89,9.22
3,489900.0,29.0,K2J 3Z3,Residential,1989.0,3.0,3.0,3.0,1.0,39.64,9.2
15,1329000.0,74.0,K1Z 8N2,Residential,2020.0,3.0,4.0,2.0,1.0,22.61,9.15
3,619900.0,4.0,K2J 5W8,Residential,2012.0,3.0,4.0,3.0,1.0,25.0,9.15
6,799000.0,2.0,K2S 1E7,Residential,2020.0,4.0,4.0,4.0,2.0,30.5,9.15
14,2800000.0,90.0,K1R 5J9,Multifamily,2018.0,,,1.0,,22.94,9.14
13,1295000.0,69.0,K1M 2B6,Residential,,4.0,4.0,2.0,0.0,23.62,9.14
23,589900.0,9.0,K2M 0J6,Residential,2016.0,3.0,3.0,4.0,2.0,25.0,9.14
3,469900.0,52.0,K2J 1V5,Residential,,3.0,2.0,2.0,1.0,26.74,9.14
6,649900.0,13.0,K2S 0W8,Residential,2016.0,4.0,3.0,3.0,1.0,26.84,9.14
18,450000.0,64.0,K1G 1A7,Residential,1963.0,4.0,3.0,3.0,0.0,44.01,9.14
7,949000.0,75.0,K2A 3G3,Residential,2019.0,4.0,4.0,3.0,1.0,46.02,9.14
13,999000.0,44.0,K1M 2K4,Residential,2016.0,3.0,4.0,3.0,1.0,18.35,9.12
15,2788000.0,61.0,K1Z 7G3,Commercial,2016.0,,,6.0,,60.35,9.09
15,2450000.0,79.0,K1Z 6V1,Multifamily,2019.0,,,2.0,0.0,30.13,9.08
10,485000.0,47.0,K1T 1Z4,Residential,1983.0,3.0,3.0,2.0,1.0,31.62,9.06
17,1725000.0,47.0,K1S 5P7,Residential,2018.0,3.0,4.0,2.0,2.0,24.06,9.0
24,399900.0,48.0,K2J 4C9,Residential,1992.0,3.0,3.0,3.0,1.0,34.3,8.99
3,999000.0,33.0,K2J 2E9,Residential,2020.0,5.0,4.0,2.0,1.0,36.58,8.87
3,999000.0,33.0,K2J 2E9,Residential,2020.0,5.0,4.0,2.0,1.0,36.58,8.87
3,275000.0,33.0,K2J 2E9,Lots/Acreage,,,,,,36.58,8.87
3,275000.0,33.0,K2J 2E9,Lots/Acreage,,,,,,36.58,8.87
3,275000.0,33.0,K2J 2E9,Lots/Acreage,,,,,,36.58,8.87
3,275000.0,33.0,K2J 2E9,Lots/Acreage,,,,,,36.58,8.87
15,1249900.0,83.0,K2A 0B6,Residential,2012.0,4.0,4.0,2.0,1.0,30.18,8.77
1,439900.0,13.0,K4A 0X1,Residential,2013.0,2.0,3.0,2.0,1.0,16.13,8.71
6,475000.0,15.0,K2S 0W7,Residential,2015.0,3.0,3.0,3.0,1.0,25.51,8.7
3,498880.0,4.0,K2J 5W9,Residential,2012.0,3.0,3.0,3.0,1.0,25.0,8.62
14,999000.0,83.0,K2P 1B3,Residential,1908.0,5.0,4.0,2.0,1.0,30.18,8.38
6,499900.0,6.0,K2S 1B6,Residential,2017.0,4.0,3.0,3.0,1.0,31.94,8.28
22,530000.0,32.0,K1V 1Y7,Residential,2004.0,4.0,3.0,3.0,1.0,33.0,8.22
2,496000.0,17.0,K1C 7M3,Residential,1999.0,3.0,3.0,2.0,1.0,29.1,8.2
16,699900.0,53.0,K1Z 6N7,Residential,2011.0,4.0,4.0,2.0,1.0,21.76,8.15
1,419900.0,31.0,K4A 3N1,Residential,1994.0,4.0,4.0,2.0,1.0,33.64,8.15
24,479900.0,35.0,K2G 7G2,Residential,2006.0,3.0,4.0,2.0,1.0,27.0,8.11
3,499000.0,4.0,K2J 0W3,Residential,2009.0,3.0,3.0,2.0,1.0,36.58,8.1
6,399000.0,11.0,K2S 0P1,Residential,2015.0,2.0,3.0,2.0,1.0,14.61,8.05
6,399900.0,4.0,K2V 0K1,Residential,2019.0,3.0,2.0,3.0,1.0,13.5,8.03
14,700000.0,90.0,K1R 7M6,Multifamily,,,,1.0,1.0,30.48,8.0
14,700000.0,90.0,K1R 7M6,Multifamily,,,,1.0,1.0,30.48,8.0
7,599000.0,75.0,K2H 5A2,Residential,1990.0,4.0,3.0,3.0,1.0,30.48,7.92
15,849000.0,66.0,K1Z 5G1,Residential,1989.0,4.0,4.0,2.0,1.0,30.48,7.92
22,679900.0,3.0,K1X 0B7,Residential,2017.0,3.0,3.0,2.0,1.0,35.43,7.91
23,579900.0,24.0,K2M 2P7,Residential,1996.0,2.0,3.0,3.0,1.0,38.67,7.9
22,499900.0,22.0,K1V 0Y7,Residential,2006.0,3.0,3.0,3.0,1.0,30.33,7.88
24,499900.0,13.0,K2G 7C9,Residential,2005.0,3.0,3.0,2.0,1.0,30.0,7.87
4,499900.0,12.0,K2T 0G7,Residential,2011.0,3.0,3.0,3.0,1.0,31.0,7.82
6,499900.0,1.0,K2V 0B4,Residential,2016.0,3.0,3.0,2.0,1.0,32.75,7.79
23,560000.0,42.0,K2M 0E4,Residential,2011.0,3.0,3.0,3.0,1.0,31.5,7.78
2,370000.0,9.0,K1C 2M8,Residential,1981.0,3.0,2.0,2.0,0.0,31.27,7.7
15,699000.0,75.0,K1Y 0Y7,Residential,1940.0,3.0,2.0,2.0,1.0,31.7,7.7
13,1325000.0,69.0,K1M 0Z8,Residential,2021.0,3.0,3.0,2.0,1.0,24.84,7.62
15,1229000.0,77.0,K1Z 5J3,Residential,2020.0,3.0,4.0,2.0,1.0,30.48,7.62
15,1229000.0,77.0,K1Z 5J3,Residential,2020.0,3.0,4.0,2.0,1.0,30.48,7.62
15,1298000.0,77.0,K1Z 5J2,Residential,2020.0,3.0,4.0,3.0,1.0,30.48,7.62
7,975000.0,68.0,K2B 5M5,Residential,2020.0,4.0,4.0,3.0,1.0,30.48,7.62
15,1450000.0,63.0,K2A 1T8,Residential,2020.0,3.0,4.0,2.0,1.0,30.48,7.62
15,1349000.0,53.0,K1Y 0G8,Residential,2020.0,4.0,3.0,3.0,1.0,30.48,7.62
16,959000.0,41.0,K1Z 8K5,Residential,2020.0,3.0,4.0,4.0,1.0,30.48,7.62
16,959000.0,41.0,K1Z 8K5,Residential,2020.0,3.0,4.0,4.0,1.0,30.48,7.62
7,899900.0,43.0,K2B 5Z7,Residential,2019.0,5.0,4.0,2.0,1.0,30.48,7.62
15,1299900.0,63.0,K2A 1T8,Residential,2014.0,3.0,4.0,3.0,1.0,30.51,7.62
14,610000.0,85.0,K1R 5N9,Residential,1900.0,3.0,2.0,3.0,0.0,30.94,7.62
17,1290000.0,85.0,K1S 2K8,Multifamily,,,,3.0,,31.39,7.62
24,499900.0,37.0,K2J 4M9,Residential,1998.0,3.0,2.0,3.0,1.0,32.0,7.58
7,719900.0,49.0,K2B 6B3,Residential,2010.0,3.0,4.0,3.0,1.0,32.92,7.52
4,549900.0,13.0,K2T 0B7,Residential,2013.0,3.0,3.0,3.0,1.0,33.0,7.52
24,479900.0,30.0,K2G 6W3,Residential,2003.0,3.0,3.0,2.0,1.0,26.82,7.5
23,499900.0,29.0,K2L 4G4,Residential,1997.0,3.0,3.0,3.0,1.0,33.56,7.48
6,575000.0,13.0,K2S 2L8,Residential,2019.0,3.0,3.0,2.0,1.0,30.06,7.4
12,849900.0,86.0,K1N 8H6,Residential,1892.0,4.0,3.0,0.0,0.0,20.12,7.36
15,1095000.0,59.0,K1Z 7G7,Residential,2019.0,3.0,4.0,2.0,1.0,26.87,7.32
12,1019000.0,83.0,K1N 6G8,Residential,1874.0,4.0,4.0,2.0,0.0,30.18,7.32
9,369000.0,16.0,K2H 5W6,Residential,1968.0,3.0,2.0,4.0,2.0,30.48,7.32
10,429900.0,15.0,K1T 4B7,Residential,2002.0,3.0,3.0,3.0,1.0,32.5,7.32
4,739900.0,33.0,K2T 0G3,Residential,2010.0,3.0,3.0,2.0,1.0,26.99,7.21
12,517000.0,88.0,K1N 5Z5,Commercial,,,,1.0,,5.94,7.13
1,389900.0,47.0,K1E 1Z1,Residential,1978.0,3.0,3.0,3.0,1.0,30.5,7.01
15,399999.0,64.0,K1Y 1X1,Lots/Acreage,,,,,,17.79,7.0
15,399999.0,62.0,K1Y 1X1,Lots/Acreage,,,,,,17.79,7.0
14,849900.0,91.0,K1R 6H7,Multifamily,1907.0,,,1.0,,33.18,6.95
14,849900.0,91.0,K1R 6H7,Multifamily,1907.0,,,1.0,,33.18,6.95
19,449900.0,55.0,K4A 4J7,Residential,2001.0,3.0,3.0,2.0,1.0,34.7,6.92
17,750000.0,56.0,K1S 2R3,Residential,,3.0,1.0,1.0,0.0,27.43,6.74
7,425000.0,62.0,K2B 6H1,Residential,1968.0,3.0,2.0,1.0,0.0,15.6,6.71
15,1750000.0,61.0,K2A 1Y1,Residential,2012.0,4.0,3.0,4.0,1.0,30.6,6.54
22,499900.0,33.0,K1T 0R4,Residential,2018.0,2.0,3.0,3.0,1.0,15.0,6.5
19,470000.0,17.0,K4A 1A3,Residential,2017.0,3.0,3.0,3.0,1.0,25.5,6.5
12,999500.0,93.0,K1N 6H7,Multifamily,1900.0,,,1.0,0.0,30.18,6.49
19,567900.0,1.0,K1W 0N9,Residential,2020.0,3.0,3.0,2.0,1.0,28.69,6.46
19,499900.0,1.0,K1W 0E3,Residential,2011.0,3.0,3.0,3.0,1.0,28.69,6.4
4,465000.0,38.0,K2K 2S2,Residential,1996.0,3.0,2.0,3.0,1.0,35.97,6.4
18,424900.0,36.0,K1G 0B1,Residential,1997.0,3.0,2.0,3.0,1.0,32.72,6.35
16,459000.0,37.0,K2C 4G8,Residential,2005.0,2.0,2.0,2.0,1.0,13.98,6.2
24,524880.0,61.0,K2J 3V1,Residential,2014.0,3.0,3.0,3.0,1.0,27.0,6.2
19,524900.0,37.0,K4A 1C1,Residential,2017.0,3.0,3.0,3.0,1.0,28.0,6.2
19,429900.0,14.0,K4A 0S1,Residential,2011.0,3.0,3.0,3.0,1.0,30.0,6.2
19,449900.0,27.0,K4A 4Z6,Residential,2005.0,3.0,3.0,3.0,1.0,30.98,6.2
2,489900.0,55.0,K1C 7R7,Residential,2005.0,3.0,3.0,3.0,1.0,33.84,6.2
12,849900.0,67.0,K1N 8E2,Residential,1928.0,3.0,2.0,1.0,0.0,30.48,6.19
17,1089000.0,66.0,K1S 4T9,Residential,2005.0,3.0,4.0,2.0,1.0,24.4,6.14
22,549900.0,12.0,K4M 0E1,Residential,2015.0,4.0,4.0,3.0,1.0,33.03,6.13
15,1099000.0,71.0,K1Y 1X4,Residential,2011.0,3.0,4.0,2.0,2.0,25.6,6.1
23,519000.0,28.0,K2S 0V8,Residential,2016.0,3.0,3.0,2.0,1.0,26.01,6.1
12,899900.0,73.0,K1L 5S1,Residential,2020.0,4.0,4.0,2.0,1.0,27.43,6.1
12,899900.0,73.0,K1L 5S1,Residential,2020.0,4.0,4.0,2.0,1.0,27.43,6.1
1,499880.0,26.0,K4A 0T9,Residential,2011.0,3.0,3.0,3.0,1.0,28.5,6.1
4,509900.0,8.0,K2T 0H8,Residential,2015.0,3.0,3.0,2.0,1.0,29.87,6.1
22,469000.0,27.0,K1T 0E9,Residential,2010.0,3.0,3.0,2.0,1.0,30.0,6.1
13,1250000.0,52.0,K1M 1P2,Residential,1882.0,2.0,4.0,2.0,0.0,30.18,6.1
22,524900.0,10.0,K1X 0G1,Residential,2019.0,3.0,3.0,2.0,1.0,32.0,6.1
19,429900.0,18.0,K1W 1H1,Residential,1993.0,3.0,3.0,3.0,1.0,32.0,6.1
24,390000.0,45.0,K2J 4C2,Residential,1993.0,3.0,2.0,3.0,1.0,32.12,6.1
1,399900.0,38.0,K4A 3S1,Residential,1994.0,3.0,3.0,3.0,1.0,32.49,6.1
13,524900.0,,K1K 4R7,Residential,1997.0,3.0,2.0,3.0,1.0,32.64,6.1
22,619900.0,1.0,K4M 0E2,Residential,2019.0,3.0,4.0,3.0,1.0,32.96,6.1
22,545000.0,13.0,K1V 1N6,Residential,1999.0,2.0,3.0,2.0,1.0,33.0,6.1
3,469900.0,68.0,K2J 1V8,Residential,,4.0,3.0,2.0,1.0,36.58,6.1
24,419900.0,43.0,K2J 4K4,Residential,1994.0,3.0,2.0,3.0,1.0,36.8,6.1
4,399900.0,52.0,K2K 2V5,Residential,1996.0,2.0,2.0,2.0,1.0,31.93,6.09
23,539880.0,12.0,K2M 2Z1,Residential,2004.0,3.0,3.0,3.0,1.0,36.0,6.09
10,499900.0,17.0,K1T 4C1,Residential,2002.0,3.0,3.0,3.0,1.0,32.0,6.01
14,724900.0,89.0,K1R 7H3,Residential,2016.0,3.0,3.0,1.0,0.0,8.84,6.0
22,579900.0,10.0,K1T 0L9,Residential,2017.0,3.0,4.0,3.0,1.0,30.0,6.0
3,499000.0,7.0,K2J 5E8,Residential,2002.0,3.0,3.0,2.0,1.0,31.54,6.0
1,399900.0,30.0,K4A 4R9,Residential,2003.0,2.0,2.0,3.0,1.0,34.98,6.0
24,487900.0,42.0,K2J 5X8,Residential,2013.0,3.0,3.0,2.0,1.0,36.52,6.0
10,429000.0,30.0,K1G 5C9,Residential,1989.0,3.0,3.0,3.0,1.0,30.44,5.94
13,369900.0,50.0,K1K 4N7,Residential,1992.0,3.0,2.0,3.0,1.0,36.0,5.94
12,999999.0,77.0,K1N 6X3,Residential,2016.0,3.0,4.0,1.0,0.0,24.38,5.87
16,374900.0,50.0,K2C 0J8,Residential,1971.0,4.0,2.0,2.0,0.0,43.77,5.69
12,512900.0,93.0,K1N 5N2,Residential,1910.0,3.0,1.0,2.0,0.0,30.68,5.66
18,459000.0,61.0,K1V 2J6,Residential,2008.0,3.0,2.0,2.0,1.0,26.05,5.64
17,725000.0,57.0,K1S 2W5,Residential,1911.0,3.0,2.0,1.0,0.0,28.04,5.61
3,475000.0,25.0,K2J 3A4,Residential,1986.0,3.0,3.0,2.0,1.0,33.63,5.5
1,398000.0,52.0,K4A 4L9,Residential,2002.0,3.0,2.0,3.0,1.0,34.75,5.49
17,879000.0,86.0,K1S 2P3,Residential,1912.0,4.0,2.0,1.0,0.0,26.82,5.36
10,489900.0,74.0,K1T 4A3,Residential,2002.0,3.0,4.0,2.0,1.0,26.64,5.31
10,499900.0,24.0,K1V 2R9,Residential,2016.0,2.0,3.0,2.0,1.0,21.27,5.23
14,990000.0,70.0,K1W 1C4,Residential,,4.0,4.0,2.0,1.0,27.12,5.23
14,749000.0,89.0,K1R 6N7,Residential,,5.0,2.0,1.0,0.0,30.16,5.16
14,545000.0,83.0,K1R 6B6,Residential,1903.0,3.0,2.0,2.0,0.0,20.12,5.03
12,799000.0,76.0,K1N 8C9,Residential,1907.0,4.0,3.0,2.0,0.0,30.48,4.94
17,850000.0,62.0,K1S 5P8,Residential,1999.0,2.0,3.0,2.0,1.0,25.67,4.88
12,999500.0,93.0,K1N 6H7,Multifamily,1900.0,,,2.0,,30.18,4.87
12,549900.0,78.0,K1N 7Z5,Residential,,2.0,2.0,1.0,0.0,30.48,4.78
23,449900.0,38.0,K2L 4A4,Residential,1990.0,4.0,3.0,2.0,1.0,38.59,4.66
16,488800.0,45.0,K2C 0E4,Residential,2009.0,3.0,4.0,2.0,1.0,23.8,4.57
17,779000.0,57.0,K1S 0S9,Residential,2015.0,3.0,4.0,1.0,0.0,30.18,4.54
23,489900.0,32.0,K2M 2H9,Residential,1992.0,3.0,3.0,5.0,1.0,38.72,4.54
13,435000.0,83.0,K1M 1W3,Residential,1887.0,1.0,1.0,0.0,0.0,6.95,4.42
17,299000.0,76.0,K1S 3C8,Residential,1905.0,3.0,2.0,2.0,0.0,25.6,4.3
12,900000.0,72.0,K1K 3L8,Residential,1974.0,6.0,3.0,5.0,0.0,35.47,4.14
12,900000.0,72.0,K1K 3L8,Residential,1974.0,6.0,3.0,5.0,0.0,35.47,4.14
1,459000.0,40.0,K4A 0K6,Residential,2007.0,3.0,4.0,3.0,1.0,35.52,3.31
14,848000.0,81.0,K1R 7N6,,1900.0,5.0,2.0,1.0,0.0,,
15,7600000.0,73.0,K1Y 1L2,,2020.0,,,0.0,,,
15,7600000.0,73.0,K1Y 1L2,,2020.0,,,0.0,,,
15,5000000.0,64.0,K1Y 1N2,,,,,,,,
2,1050000.0,41.0,K1C 1J3,,1988.0,4.0,4.0,8.0,4.0,,
19,299900.0,10.0,K4B 1M8,,,,,,,,
16,1219000.0,36.0,K1V 0B2,,1984.0,4.0,5.0,6.0,2.0,,
20,545000.0,6.0,K0A 2P0,,,,,,,,
20,545000.0,6.0,K0A 2P0,,,,,,,,
16,999000.0,37.0,K2C 1W5,,,,,,,,
5,125000.0,1.0,K0A 1T0,,,,,,,,
5,169900.0,1.0,K0A 3M0,,,,,,,,
20,499900.0,3.0,K4M 1B4,,,,,,,,
20,999000.0,1.0,K0A 2P0,,,3.0,1.0,20.0,0.0,,
20,999000.0,1.0,K0A 2P0,,,3.0,1.0,20.0,0.0,,
5,374900.0,1.0,K2K 1X7,,,,,,,,
15,1734990.0,84.0,K1Y 2X4,Residential,2022.0,2.0,2.0,0.0,0.0,,
15,693900.0,75.0,K1Z 6Y6,Residential,2022.0,1.0,2.0,0.0,0.0,,
15,1160000.0,74.0,K1Y 1R5,Residential,2021.0,2.0,3.0,1.0,0.0,,
15,4190000.0,67.0,K2A 1W2,Commercial,2021.0,,,,,,
15,4190000.0,67.0,K2A 1W2,Commercial,2021.0,,,,,,
14,3888000.0,95.0,K1P 0B7,Residential,2020.0,2.0,3.0,1.0,1.0,,
12,1044900.0,80.0,K1L 7Z9,Residential,2020.0,2.0,2.0,1.0,1.0,,
12,994900.0,80.0,K1L 7Z9,Residential,2020.0,3.0,3.0,1.0,1.0,,
17,1695000.0,52.0,K1S 5W8,Residential,2020.0,3.0,3.0,2.0,2.0,,
17,849000.0,52.0,K1S 5W8,Residential,2020.0,2.0,2.0,1.0,1.0,,
12,1699000.0,,K1N 8L9,Residential,2020.0,3.0,4.0,2.0,1.0,,
12,875000.0,75.0,K1L 5Y5,Residential,2020.0,3.0,4.0,2.0,0.0,,
15,1050000.0,68.0,K1Z 7B8,Residential,2020.0,3.0,4.0,2.0,1.0,,
15,1099999.0,68.0,K1Z 7B8,Residential,2020.0,3.0,4.0,2.0,2.0,,
14,429900.0,,K2P 1C3,Residential,2019.0,1.0,1.0,1.0,1.0,,
14,492200.0,94.0,K1P 0B7,Residential,2019.0,1.0,1.0,0.0,0.0,,
14,619500.0,94.0,K1P 0B7,Residential,2019.0,1.0,1.0,0.0,0.0,,
14,976000.0,94.0,K1P 0B7,Residential,2019.0,2.0,2.0,1.0,1.0,,
14,714900.0,91.0,K2P 1J5,Residential,2019.0,2.0,2.0,1.0,1.0,,
14,439900.0,91.0,K2P 1J5,Residential,2019.0,1.0,1.0,1.0,1.0,,
17,1975000.0,84.0,K1S 5W3,Residential,2019.0,3.0,3.0,1.0,1.0,,
17,499500.0,67.0,K1S 5V8,Residential,2019.0,1.0,1.0,1.0,1.0,,
17,508400.0,62.0,K1S 5W6,Residential,2019.0,2.0,2.0,1.0,1.0,,
1,645000.0,3.0,K4A 5H3,Residential,2019.0,2.0,2.0,1.0,1.0,,
1,444900.0,3.0,K4A 5H3,Residential,2019.0,1.0,1.0,1.0,1.0,,
1,799900.0,3.0,K4A 5H3,Residential,2019.0,2.0,2.0,1.0,1.0,,
1,369900.0,3.0,K4A 5H3,Residential,2019.0,1.0,1.0,1.0,1.0,,
1,434500.0,3.0,K4A 5H3,Residential,2019.0,1.0,1.0,1.0,1.0,,
17,1500000.0,47.0,K1S 0H9,Residential,2019.0,4.0,4.0,2.0,2.0,,
22,648800.0,1.0,K1X 0C5,Residential,2019.0,3.0,3.0,6.0,2.0,,
7,799000.0,49.0,K2B 6B1,Residential,2019.0,4.0,4.0,3.0,1.0,,
14,674500.0,94.0,K1P 0B7,Residential,2018.0,1.0,1.0,0.0,0.0,,
6,349900.0,50.0,K2S 0T9,Residential,2018.0,2.0,1.0,2.0,1.0,,
21,1659000.0,1.0,K0A 1B0,Farm,2018.0,2.0,3.0,20.0,2.0,,
21,1659000.0,1.0,K0A 1B0,Farm,2018.0,2.0,3.0,20.0,2.0,,
17,759900.0,56.0,K1S 0E5,Residential,2018.0,2.0,3.0,1.0,0.0,,
14,299000.0,92.0,K1R 0C5,Residential,2017.0,0.0,1.0,0.0,0.0,,
14,480000.0,86.0,K1R 7G5,Residential,2017.0,1.0,1.0,1.0,1.0,,
13,949900.0,83.0,K1M 2K5,Residential,2017.0,2.0,3.0,2.0,2.0,,
24,399900.0,47.0,K2J 6B4,Residential,2017.0,3.0,2.0,2.0,0.0,,
13,5000000.0,16.0,K1M 2J2,,2017.0,6.0,7.0,6.0,2.0,,
14,299000.0,97.0,K1P 0A6,Residential,2016.0,0.0,1.0,0.0,0.0,,
14,399500.0,97.0,K1P 0C8,Residential,2016.0,1.0,1.0,0.0,0.0,,
14,299000.0,97.0,K1P 0A6,Residential,2016.0,0.0,1.0,0.0,0.0,,
14,549900.0,97.0,K1P 0C8,Residential,2016.0,2.0,2.0,1.0,1.0,,
14,419900.0,92.0,K1R 0C5,Residential,2016.0,1.0,1.0,0.0,0.0,,
14,424900.0,92.0,K1R 0C5,Residential,2016.0,1.0,1.0,0.0,0.0,,
14,479900.0,92.0,K1R 0C5,Residential,2016.0,1.0,1.0,1.0,1.0,,
14,660000.0,92.0,K1R 0C5,Residential,2016.0,2.0,2.0,1.0,1.0,,
14,410000.0,92.0,K1R 0C5,Residential,2016.0,1.0,1.0,1.0,1.0,,
14,274900.0,90.0,K1R 0C5,Residential,2016.0,0.0,1.0,0.0,0.0,,
15,535000.0,90.0,K1Y 1P4,Residential,2016.0,2.0,1.0,1.0,1.0,,
14,574900.0,86.0,K1S 5K3,Residential,2016.0,1.0,2.0,1.0,1.0,,
15,585000.0,81.0,K1Z 0B1,Residential,2016.0,2.0,2.0,1.0,1.0,,
12,476000.0,75.0,K1N 0C3,Residential,2016.0,2.0,2.0,1.0,1.0,,
7,349900.0,53.0,K2A 3W9,Residential,2016.0,1.0,1.0,0.0,0.0,,
10,439900.0,33.0,K1G 4J1,Residential,2016.0,2.0,2.0,2.0,1.0,,
10,409900.0,33.0,K1G 4J1,Residential,2016.0,2.0,2.0,1.0,1.0,,
23,599900.0,10.0,K2M 2T5,Residential,2016.0,4.0,3.0,3.0,1.0,,
12,1049900.0,97.0,K1N 7J6,Residential,2015.0,2.0,2.0,2.0,0.0,,
14,500000.0,97.0,K2P 0W1,Residential,2015.0,1.0,1.0,1.0,1.0,,
14,562000.0,97.0,K1P 0C8,Residential,2015.0,2.0,2.0,1.0,1.0,,
12,312000.0,96.0,K1N 0B6,Residential,2015.0,0.0,1.0,0.0,0.0,,
12,680000.0,96.0,K1N 0B6,Residential,2015.0,2.0,2.0,1.0,1.0,,
12,459000.0,96.0,K1N 0B6,Residential,2015.0,1.0,1.0,1.0,1.0,,
12,315000.0,96.0,K1N 7J6,Residential,2015.0,0.0,1.0,0.0,0.0,,
12,369900.0,95.0,K1N 0B4,Residential,2015.0,2.0,2.0,1.0,1.0,,
14,308000.0,94.0,K2P 1A4,Residential,2015.0,0.0,1.0,0.0,0.0,,
14,288800.0,92.0,K1R 5E6,Residential,2015.0,0.0,1.0,0.0,0.0,,
14,649900.0,92.0,K1R 0C1,Residential,2015.0,2.0,2.0,1.0,1.0,,
14,324900.0,92.0,K1R 5E6,Residential,2015.0,1.0,1.0,0.0,0.0,,
14,345000.0,92.0,K1R 0C1,Residential,2015.0,1.0,1.0,0.0,0.0,,
14,285000.0,92.0,K1R 0C1,Residential,2015.0,1.0,1.0,0.0,0.0,,
14,379900.0,92.0,K1R 5E6,Residential,2015.0,1.0,1.0,0.0,0.0,,
14,1500000.0,86.0,K1S 3W9,Residential,2015.0,2.0,3.0,2.0,2.0,,
14,469900.0,84.0,K1R 0B3,Residential,2015.0,1.0,1.0,1.0,0.0,,
14,725000.0,81.0,K1R 0B3,Residential,2015.0,2.0,2.0,1.0,1.0,,
14,409900.0,81.0,K1R 0B3,Residential,2015.0,1.0,1.0,0.0,0.0,,
14,1220000.0,81.0,K1R 0B3,Residential,2015.0,2.0,3.0,1.0,1.0,,
15,429900.0,81.0,K1Z 0B2,Residential,2015.0,1.0,1.0,1.0,1.0,,
7,424900.0,81.0,K1Z 0B2,Residential,2015.0,1.0,2.0,1.0,1.0,,
15,344900.0,79.0,K1S 5V3,Residential,2015.0,1.0,1.0,0.0,0.0,,
15,549000.0,79.0,K1S 5V3,Residential,2015.0,2.0,2.0,2.0,2.0,,
15,525000.0,79.0,K1S 4P4,Residential,2015.0,3.0,2.0,1.0,1.0,,
15,338500.0,79.0,K1S 4P4,Residential,2015.0,1.0,1.0,1.0,1.0,,
15,359900.0,79.0,K1S 5V3,Residential,2015.0,1.0,1.0,0.0,0.0,,
15,523000.0,79.0,K1S 2E8,Residential,2015.0,2.0,2.0,2.0,2.0,,
15,369777.0,79.0,K1S 5V3,Residential,2015.0,1.0,1.0,1.0,1.0,,
15,985000.0,79.0,K1S 5V3,Residential,2015.0,2.0,2.0,2.0,2.0,,
17,1900000.0,73.0,K1S 5K3,Residential,2015.0,2.0,3.0,2.0,2.0,,
17,2975000.0,71.0,K1S 5K3,Residential,2015.0,2.0,3.0,2.0,2.0,,
17,1800000.0,71.0,K1S 5K3,Residential,2015.0,2.0,3.0,4.0,4.0,,
16,439900.0,69.0,K1V 2P7,Residential,2015.0,2.0,2.0,1.0,1.0,,
14,349900.0,62.0,K1R 0B8,Residential,2015.0,1.0,1.0,0.0,0.0,,
14,1450000.0,81.0,K1R 0B3,Residential,2015.0,2.0,4.0,2.0,2.0,,
14,39900.0,96.0,K1R 0C1,Residential,2015.0,0.0,,1.0,1.0,,
14,529900.0,98.0,K2P 1P7,Residential,2014.0,1.0,1.0,1.0,1.0,,
14,489900.0,97.0,K2P 0W1,Residential,2014.0,1.0,1.0,1.0,1.0,,
14,649900.0,97.0,K2P 0W1,Residential,2014.0,2.0,2.0,1.0,1.0,,
14,445000.0,97.0,K2P 0W1,Residential,2014.0,1.0,1.0,1.0,1.0,,
14,1985000.0,97.0,K2P 0W1,Residential,2014.0,2.0,3.0,2.0,2.0,,
14,475000.0,97.0,K2P 1P7,Residential,2014.0,1.0,1.0,1.0,1.0,,
14,445000.0,97.0,K2P 0E2,Residential,2014.0,2.0,2.0,0.0,0.0,,
12,519000.0,96.0,K1N 0B7,Residential,2014.0,1.0,1.0,1.0,1.0,,
12,519000.0,96.0,K1N 0B7,Residential,2014.0,1.0,1.0,1.0,1.0,,
12,1060000.0,96.0,K1N 0B7,Residential,2014.0,2.0,2.0,2.0,2.0,,
12,379900.0,95.0,K1N 7M9,Residential,2014.0,1.0,2.0,0.0,0.0,,
12,409000.0,94.0,K1N 0B2,Residential,2014.0,1.0,2.0,0.0,0.0,,
14,399900.0,94.0,K2P 1A9,Residential,2014.0,1.0,1.0,1.0,1.0,,
14,465000.0,94.0,K2P 1A9,Residential,2014.0,1.0,2.0,1.0,1.0,,
14,305000.0,94.0,K2P 1A9,Residential,2014.0,0.0,1.0,0.0,0.0,,
17,589900.0,88.0,K1S 5J5,Residential,2014.0,1.0,1.0,1.0,1.0,,
15,429900.0,81.0,K1Z 0B1,Residential,2014.0,1.0,1.0,1.0,1.0,,
17,949000.0,73.0,K1S 5J5,Residential,2014.0,2.0,2.0,1.0,1.0,,
14,485000.0,67.0,K1R 0A8,Residential,2014.0,2.0,2.0,0.0,0.0,,
4,420000.0,6.0,K2T 0J7,Residential,2014.0,2.0,2.0,1.0,1.0,,
3,299900.0,3.0,K2J 5X6,Residential,2014.0,2.0,3.0,2.0,0.0,,
14,50000.0,97.0,K2P 1P7,Residential,2014.0,0.0,,1.0,1.0,,
14,325000.0,98.0,K2P 0E2,Residential,2013.0,1.0,1.0,0.0,0.0,,
12,545000.0,97.0,K1N 6B1,Residential,2013.0,2.0,2.0,1.0,1.0,,
14,319900.0,97.0,K2P 0E2,Residential,2013.0,1.0,1.0,0.0,0.0,,
14,349000.0,97.0,K2P 0E2,Residential,2013.0,1.0,1.0,0.0,0.0,,
14,389900.0,97.0,K2P 0E2,Residential,2013.0,1.0,1.0,1.0,1.0,,
14,379900.0,97.0,K2P 0E2,Residential,2013.0,1.0,1.0,1.0,1.0,,
14,435000.0,97.0,K2P 0E2,Residential,2013.0,2.0,2.0,1.0,1.0,,
14,339000.0,97.0,K2P 0E2,Residential,2013.0,1.0,1.0,0.0,0.0,,
14,343000.0,97.0,K2P 0E2,Residential,2013.0,1.0,1.0,0.0,0.0,,
14,369900.0,97.0,K2P 0E2,Residential,2013.0,1.0,1.0,1.0,1.0,,
14,468000.0,97.0,K2P 0E2,Residential,2013.0,2.0,2.0,1.0,1.0,,
14,325000.0,97.0,K2P 0E2,Residential,2013.0,1.0,1.0,0.0,0.0,,
12,409900.0,95.0,K1N 6B1,Residential,2013.0,1.0,1.0,1.0,1.0,,
12,459900.0,95.0,K1N 6B1,Residential,2013.0,1.0,1.0,1.0,1.0,,
12,379900.0,95.0,K1N 6B1,Residential,2013.0,1.0,1.0,0.0,0.0,,
14,439900.0,94.0,K2P 1A9,Residential,2013.0,1.0,1.0,1.0,1.0,,
15,409900.0,82.0,K1Z 0A8,Residential,2013.0,1.0,1.0,1.0,1.0,,
15,369900.0,80.0,K1S 4P4,Residential,2013.0,1.0,1.0,0.0,0.0,,
15,434900.0,79.0,K1S 4P4,Residential,2013.0,1.0,1.0,1.0,1.0,,
19,329900.0,65.0,K4A 0X7,Residential,2013.0,2.0,2.0,1.0,0.0,,
24,349900.0,50.0,K2J 2J1,Residential,2013.0,2.0,2.0,2.0,2.0,,
19,392000.0,1.0,K1W 0G3,Residential,2013.0,2.0,2.0,1.0,0.0,,
12,439000.0,95.0,K1N 6B1,Residential,2012.0,1.0,1.0,0.0,0.0,,
12,375000.0,95.0,K1N 6B1,Residential,2012.0,1.0,1.0,0.0,0.0,,
12,450000.0,95.0,K1N 6B1,Residential,2012.0,2.0,2.0,0.0,0.0,,
14,344900.0,94.0,K2P 0R4,Residential,2012.0,1.0,1.0,0.0,0.0,,
14,360000.0,94.0,K2P 0R4,Residential,2012.0,1.0,1.0,0.0,0.0,,
12,424900.0,94.0,K1N 5K3,Residential,2012.0,2.0,1.0,0.0,0.0,,
12,359000.0,93.0,K1N 5K3,Residential,2012.0,1.0,1.0,0.0,0.0,,
12,294900.0,93.0,K1N 5K3,Residential,2012.0,0.0,1.0,0.0,0.0,,
15,474900.0,85.0,K1Y 2X3,Residential,2012.0,2.0,2.0,1.0,1.0,,
15,460000.0,81.0,K1Z 0A6,Residential,2012.0,2.0,2.0,1.0,1.0,,
15,639000.0,75.0,K2A 1R7,Residential,2012.0,2.0,2.0,1.0,0.0,,
1,499900.0,68.0,K1E 3W8,Residential,2012.0,2.0,2.0,1.0,1.0,,
24,389000.0,31.0,K2J 3V2,Residential,2012.0,2.0,2.0,1.0,0.0,,
24,399000.0,31.0,K2J 3V2,Residential,2012.0,3.0,3.0,1.0,1.0,,
12,449900.0,97.0,K1N 0A9,Residential,2011.0,1.0,1.0,1.0,1.0,,
12,524900.0,96.0,K1N 0A9,Residential,2011.0,2.0,2.0,1.0,1.0,,
12,449000.0,96.0,K1N 0A9,Residential,2011.0,1.0,1.0,1.0,1.0,,
12,399000.0,96.0,K1N 0A9,Residential,2011.0,1.0,1.0,1.0,1.0,,
14,434900.0,94.0,K2P 0R4,Residential,2011.0,2.0,1.0,1.0,1.0,,
13,475000.0,80.0,K1M 1E4,Residential,2011.0,2.0,1.0,0.0,0.0,,
15,399000.0,80.0,K1Z 6T6,Residential,2011.0,1.0,1.0,1.0,1.0,,
15,329900.0,73.0,K1Y 1E8,Residential,2011.0,1.0,1.0,0.0,0.0,,
14,684900.0,67.0,K1R 0A7,Residential,2011.0,2.0,2.0,1.0,1.0,,
10,4500.0,52.0,K1T 4B6,Residential,2011.0,6.0,4.0,4.0,2.0,,
13,369000.0,50.0,K1K 2W2,Residential,2011.0,2.0,2.0,1.0,0.0,,
9,374900.0,18.0,K2E 0A7,Residential,2011.0,2.0,2.0,1.0,0.0,,
14,617500.0,96.0,K2P 1Z9,Residential,2010.0,2.0,2.0,1.0,1.0,,
12,349900.0,80.0,K1L 0A8,Residential,2010.0,1.0,1.0,1.0,1.0,,
15,499800.0,80.0,K1Z 5H3,Residential,2010.0,2.0,2.0,1.0,1.0,,
15,375000.0,75.0,K1S 4E8,Residential,2010.0,1.0,1.0,1.0,1.0,,
13,349900.0,74.0,K1K 2K6,Residential,2010.0,3.0,2.0,1.0,0.0,,
8,375000.0,74.0,K2G 2X4,Residential,2010.0,2.0,2.0,1.0,1.0,,
15,399900.0,67.0,K1Z 5G5,Residential,2010.0,2.0,1.0,1.0,1.0,,
24,359900.0,37.0,K2G 4R5,Residential,2010.0,1.0,2.0,1.0,0.0,,
24,369900.0,35.0,K2G 4R3,Residential,2010.0,2.0,2.0,1.0,0.0,,
19,345000.0,28.0,K4A 0N5,Residential,2010.0,2.0,3.0,1.0,0.0,,
19,345000.0,28.0,K4A 0N5,Residential,2010.0,2.0,3.0,1.0,0.0,,
14,399000.0,98.0,K1P 0A4,Residential,2009.0,1.0,1.0,1.0,1.0,,
14,540000.0,98.0,K1N 6P6,Residential,2009.0,2.0,2.0,1.0,1.0,,
12,875000.0,97.0,K1N 5Y1,Residential,2009.0,2.0,2.0,1.0,1.0,,
14,1154600.0,97.0,K2P 0A5,Residential,2009.0,2.0,3.0,2.0,2.0,,
14,900000.0,97.0,K2P 0A5,Residential,2009.0,3.0,2.0,1.0,1.0,,
14,369000.0,97.0,K2P 0A5,Residential,2009.0,1.0,1.0,1.0,1.0,,
14,369900.0,97.0,K2P 0A5,Residential,2009.0,1.0,1.0,0.0,0.0,,
12,2988000.0,96.0,K1N 0A8,Residential,2009.0,2.0,3.0,2.0,2.0,,
14,514000.0,96.0,K2P 1Z9,Residential,2009.0,2.0,2.0,1.0,1.0,,
12,387900.0,95.0,K1N 0A7,Residential,2009.0,1.0,1.0,1.0,0.0,,
15,409900.0,75.0,K2A 1H4,Residential,2009.0,1.0,1.0,1.0,1.0,,
13,325000.0,69.0,K1K 3T8,Residential,2009.0,1.0,1.0,1.0,1.0,,
22,299900.0,45.0,K1T 0B3,Residential,2009.0,2.0,1.0,1.0,0.0,,
1,450000.0,3.0,K4A 0S8,Residential,2009.0,1.0,2.0,1.0,1.0,,
1,429900.0,3.0,K4A 0S8,Residential,2009.0,1.0,2.0,1.0,1.0,,
12,1350000.0,96.0,K1N 0A4,,2009.0,1.0,2.0,2.0,2.0,,
3,1049900.0,4.0,K2J 0M2,Residential,2009.0,4.0,5.0,4.0,2.0,,
7,699000.0,73.0,K2A 3C3,Residential,2009.0,2.0,3.0,2.0,1.0,,
10,320000.0,52.0,K1V 2K8,Residential,2009.0,2.0,2.0,1.0,0.0,,
12,479000.0,97.0,K1N 5Y1,Residential,2008.0,2.0,2.0,1.0,1.0,,
12,349900.0,97.0,K1N 5Y1,Residential,2008.0,1.0,1.0,0.0,0.0,,
12,399900.0,97.0,K1N 5Y1,Residential,2008.0,1.0,1.0,0.0,0.0,,
12,444900.0,97.0,K1N 5Y1,Residential,2008.0,1.0,1.0,1.0,1.0,,
14,539900.0,85.0,K1Y 0X7,Residential,2008.0,2.0,2.0,1.0,0.0,,
16,399900.0,44.0,K2C 4G4,Residential,2008.0,2.0,2.0,1.0,1.0,,
15,499990.0,89.0,K1Y 1R7,Residential,2008.0,2.0,1.0,1.0,0.0,,
15,494500.0,89.0,K1Y 1R7,Residential,2008.0,2.0,1.0,1.0,0.0,,
14,989000.0,94.0,K2P 1A3,Residential,2007.0,2.0,3.0,1.0,1.0,,
14,485000.0,93.0,K1N 6R4,Residential,2007.0,2.0,2.0,1.0,1.0,,
14,489000.0,93.0,K1R 0A2,Residential,2007.0,2.0,2.0,1.0,1.0,,
14,479900.0,93.0,K1R 0A2,Residential,2007.0,2.0,2.0,1.0,1.0,,
12,299900.0,64.0,K1L 0A6,Residential,2007.0,2.0,1.0,1.0,0.0,,
11,339900.0,51.0,K1J 0A2,Residential,2007.0,1.0,1.0,1.0,1.0,,
16,724900.0,20.0,K1V 1V5,Residential,2007.0,2.0,2.0,2.0,2.0,,
16,729900.0,20.0,K1V 1V5,Residential,2007.0,2.0,2.0,2.0,2.0,,
10,299900.0,56.0,K1V 2G5,Residential,2007.0,2.0,2.0,1.0,0.0,,
12,629900.0,97.0,K1N 1J8,Residential,2006.0,2.0,2.0,1.0,1.0,,
12,384900.0,97.0,K1N 1J8,Residential,2006.0,1.0,1.0,1.0,1.0,,
12,399900.0,97.0,K1N 1J8,Residential,2006.0,1.0,1.0,1.0,1.0,,
12,389900.0,74.0,K1N 1K7,Residential,2006.0,1.0,1.0,1.0,1.0,,
9,445000.0,68.0,K2E 1C8,Residential,2006.0,2.0,2.0,1.0,1.0,,
4,349900.0,38.0,K2K 0A2,Residential,2006.0,2.0,2.0,3.0,1.0,,
12,285000.0,97.0,K1N 1K9,Residential,2005.0,0.0,1.0,0.0,0.0,,
12,395000.0,97.0,K1N 1K8,Residential,2005.0,1.0,1.0,0.0,0.0,,
12,434900.0,97.0,K1N 1K8,Residential,2005.0,2.0,2.0,1.0,1.0,,
12,625000.0,96.0,K1N 1K4,Residential,2005.0,1.0,1.0,1.0,1.0,,
17,1030000.0,84.0,K1R 1E2,Residential,2005.0,3.0,2.0,2.0,2.0,,
16,495000.0,23.0,K1V 0X8,Residential,2005.0,2.0,2.0,1.0,1.0,,
12,339900.0,97.0,K1N 1J6,Residential,2004.0,1.0,1.0,0.0,0.0,,
12,310000.0,97.0,K1N 1J7,Residential,2004.0,1.0,1.0,0.0,0.0,,
15,975000.0,80.0,K1Z 1E8,Residential,2004.0,2.0,3.0,1.0,1.0,,
15,1149000.0,80.0,K1Z 1E9,Residential,2004.0,4.0,3.0,2.0,2.0,,
5,399900.0,1.0,K0A 1L0,Residential,2004.0,3.0,2.0,10.0,0.0,,
14,15000.0,75.0,K1J 1K7,Residential,2004.0,0.0,,1.0,0.0,,
12,309900.0,97.0,K1N 1J6,Residential,2003.0,1.0,1.0,1.0,1.0,,
14,425000.0,97.0,K2P 2P5,Residential,2003.0,2.0,2.0,1.0,1.0,,
12,296900.0,97.0,K1N 1J8,Residential,2003.0,1.0,1.0,0.0,0.0,,
12,304900.0,97.0,K1N 1J6,Residential,2003.0,1.0,1.0,0.0,0.0,,
14,399900.0,97.0,K2P 2P5,Residential,2003.0,1.0,1.0,0.0,0.0,,
14,325000.0,95.0,K2P 2P5,Residential,2003.0,1.0,1.0,0.0,0.0,,
14,324900.0,95.0,K2P 2P5,Residential,2003.0,1.0,1.0,0.0,0.0,,
16,299900.0,44.0,K2C 4G4,Residential,2003.0,2.0,1.0,1.0,1.0,,
16,749900.0,20.0,K1V 1V6,Residential,2003.0,2.0,3.0,1.0,1.0,,
14,450000.0,97.0,K2P 2P3,Residential,2002.0,1.0,1.0,1.0,0.0,,
14,775000.0,97.0,K2P 2P4,Residential,2002.0,2.0,2.0,1.0,1.0,,
17,850000.0,88.0,K1S 2J8,Residential,2002.0,2.0,2.0,1.0,0.0,,
12,1950000.0,81.0,K1N 1J2,Residential,2002.0,2.0,3.0,2.0,2.0,,
17,549999.0,76.0,K1S 1B1,Residential,2002.0,2.0,2.0,1.0,1.0,,
17,549900.0,70.0,K1S 1B1,Residential,2002.0,2.0,2.0,1.0,1.0,,
19,749900.0,39.0,K4A 4M2,Residential,2002.0,3.0,3.0,4.0,2.0,,
13,674900.0,56.0,K1K 4W1,Residential,2001.0,3.0,3.0,2.0,1.0,,
19,599900.0,,K4A 4G2,Residential,2000.0,5.0,4.0,6.0,2.0,,
12,399900.0,95.0,K1N 5P3,Residential,1998.0,1.0,1.0,1.0,1.0,,
8,420000.0,61.0,K2G 6N1,Residential,1998.0,2.0,2.0,1.0,1.0,,
21,1849000.0,1.0,K2S 1B8,Farm,1998.0,4.0,3.0,100.0,12.0,,
21,1849000.0,1.0,K2S 1B8,Farm,1998.0,4.0,3.0,100.0,12.0,,
12,499900.0,95.0,K1N 5P3,Residential,1997.0,2.0,2.0,1.0,1.0,,
11,510000.0,60.0,K1J 1E2,Residential,1997.0,2.0,2.0,2.0,1.0,,
7,699900.0,60.0,K2H 5A6,Residential,1996.0,3.0,2.0,1.0,1.0,,
16,658800.0,38.0,K1V 0X5,Residential,1994.0,2.0,2.0,2.0,2.0,,
2,299900.0,36.0,K1C 7J9,Residential,1994.0,2.0,2.0,2.0,0.0,,
12,499900.0,79.0,K1N 9N7,Residential,1992.0,2.0,3.0,1.0,1.0,,
17,675000.0,34.0,K1G 5H2,Residential,1991.0,2.0,2.0,1.0,1.0,,
17,519900.0,34.0,K1G 5H2,Residential,1991.0,2.0,2.0,1.0,1.0,,
17,549000.0,30.0,K1G 5H2,Residential,1991.0,2.0,2.0,1.0,1.0,,
11,1549000.0,18.0,K1J 7E7,Residential,1991.0,6.0,6.0,9.0,3.0,,
16,574900.0,38.0,K1V 0X8,Residential,1991.0,3.0,3.0,4.0,2.0,,
2,399000.0,29.0,K1C 7G6,Residential,1991.0,3.0,3.0,2.0,1.0,,
7,260000.0,62.0,K2B 8S5,Residential,1990.0,1.0,1.0,1.0,1.0,,
7,299900.0,62.0,K2B 8S5,Residential,1990.0,2.0,2.0,1.0,1.0,,
10,240000.0,26.0,K1T 2R5,Residential,1990.0,2.0,1.0,1.0,0.0,,
20,1349900.0,1.0,K4M 1B8,Residential,1990.0,7.0,5.0,10.0,3.0,,
8,520000.0,31.0,K2G 5W9,Residential,1990.0,3.0,3.0,2.0,1.0,,
15,319900.0,91.0,K1Y 4S3,Residential,1989.0,1.0,1.0,0.0,0.0,,
15,319900.0,86.0,K1Y 4S3,Residential,1989.0,1.0,1.0,0.0,0.0,,
17,429900.0,68.0,K1S 5M7,Residential,1989.0,2.0,2.0,1.0,1.0,,
13,269900.0,61.0,K1K 4M1,Residential,1989.0,2.0,1.0,0.0,0.0,,
18,299000.0,28.0,K1H 8P6,Residential,1989.0,2.0,2.0,1.0,1.0,,
2,399900.0,28.0,K1C 7B5,Residential,1989.0,3.0,3.0,2.0,1.0,,
12,1199000.0,95.0,K1N 9M2,Residential,1988.0,2.0,2.0,1.0,1.0,,
12,3400.0,94.0,K1N 9M5,Residential,1988.0,2.0,2.0,1.0,1.0,,
15,430000.0,92.0,K1Y 0Y1,Residential,1988.0,2.0,2.0,1.0,1.0,,
15,389900.0,91.0,K1Y 4S2,Residential,1988.0,2.0,2.0,1.0,0.0,,
12,450000.0,68.0,K1K 3V3,Residential,1988.0,2.0,2.0,1.0,1.0,,
16,295000.0,57.0,K1Z 7Z4,Residential,1988.0,2.0,1.0,1.0,0.0,,
15,239900.0,49.0,K1Y 4S9,Residential,1988.0,1.0,1.0,0.0,0.0,,
17,485000.0,30.0,K1G 4X5,Residential,1988.0,2.0,2.0,1.0,0.0,,
18,329900.0,28.0,K1H 8P6,Residential,1988.0,2.0,2.0,1.0,0.0,,
10,449900.0,46.0,K1T 3M8,Residential,1988.0,3.0,3.0,2.0,1.0,,
10,359900.0,33.0,K1G 4Y2,Residential,1988.0,3.0,3.0,2.0,1.0,,
12,750000.0,97.0,K1N 9M2,Residential,1987.0,2.0,2.0,1.0,1.0,,
12,949900.0,97.0,K1N 9M2,Residential,1987.0,1.0,2.0,2.0,2.0,,
12,289000.0,96.0,K1N 7J1,Residential,1987.0,2.0,2.0,1.0,1.0,,
17,199900.0,83.0,K1H 8N7,Residential,1987.0,2.0,1.0,1.0,1.0,,
12,299900.0,75.0,K1L 8K8,Residential,1987.0,2.0,2.0,1.0,1.0,,
9,259900.0,36.0,K2E 7X3,Residential,1987.0,2.0,1.0,1.0,0.0,,
21,1990000.0,6.0,K4M 1B3,Residential,1987.0,5.0,6.0,10.0,3.0,,
10,264900.0,41.0,K1V 0T4,Residential,1987.0,3.0,2.0,2.0,0.0,,
8,388000.0,23.0,K2G 4Z4,Residential,1987.0,3.0,2.0,2.0,1.0,,
10,324500.0,17.0,K1T 3C9,Residential,1987.0,2.0,2.0,2.0,1.0,,
16,315000.0,15.0,K1T 3C2,Residential,1987.0,3.0,3.0,2.0,1.0,,
12,950000.0,97.0,K1N 9M2,Residential,1986.0,2.0,3.0,2.0,1.0,,
14,358000.0,97.0,K2P 2K8,Residential,1986.0,2.0,1.0,1.0,1.0,,
14,269900.0,97.0,K2P 2K8,Residential,1986.0,1.0,1.0,1.0,1.0,,
14,379900.0,97.0,K2P 2K8,Residential,1986.0,2.0,1.0,0.0,0.0,,
14,395900.0,96.0,K2P 0J1,Residential,1986.0,1.0,1.0,1.0,1.0,,
13,557500.0,77.0,K1K 4H9,Residential,1986.0,3.0,3.0,1.0,1.0,,
12,569000.0,75.0,K1N 9L1,Residential,1986.0,2.0,2.0,1.0,1.0,,
7,320000.0,74.0,K2A 2X5,Residential,1986.0,2.0,1.0,1.0,1.0,,
17,345000.0,30.0,K1G 4J4,Residential,1986.0,2.0,2.0,1.0,1.0,,
18,539900.0,30.0,K1G 4J4,Residential,1986.0,2.0,2.0,1.0,1.0,,
17,832800.0,29.0,K1G 4J4,Residential,1986.0,3.0,3.0,2.0,2.0,,
10,209900.0,37.0,K1T 2S9,Residential,1986.0,2.0,2.0,1.0,0.0,,
10,285000.0,37.0,K1T 2S9,Residential,1986.0,2.0,2.0,1.0,0.0,,
8,289000.0,37.0,K2H 9M6,Residential,1986.0,2.0,3.0,1.0,0.0,,
12,300000.0,96.0,K2J 2K4,Residential,1985.0,2.0,2.0,1.0,1.0,,
12,292400.0,95.0,K1N 7R5,Residential,1985.0,2.0,2.0,0.0,0.0,,
14,429900.0,89.0,K1R 7X2,Residential,1985.0,2.0,2.0,1.0,1.0,,
12,498000.0,87.0,K1N 5E3,Residential,1985.0,2.0,2.0,1.0,1.0,,
13,385000.0,68.0,K1K 3V3,Residential,1985.0,2.0,2.0,1.0,1.0,,
17,625000.0,61.0,K1S 3G3,Residential,1985.0,2.0,2.0,1.0,1.0,,
2,325000.0,46.0,K1C 5L3,Residential,1985.0,3.0,3.0,3.0,1.0,,
16,333000.0,46.0,K1V 9X5,Residential,1985.0,3.0,2.0,1.0,0.0,,
16,333000.0,46.0,K1V 9X5,Residential,1985.0,3.0,2.0,1.0,0.0,,
13,1198000.0,27.0,K1L 8J9,Residential,1985.0,3.0,3.0,2.0,2.0,,
14,299900.0,90.0,K1R 7X1,Residential,1984.0,1.0,1.0,1.0,0.0,,
17,600000.0,59.0,K1S 0X7,Residential,1984.0,4.0,3.0,2.0,1.0,,
17,500000.0,59.0,K1S 5L3,Residential,1984.0,3.0,3.0,1.0,0.0,,
23,300000.0,49.0,K2L 2W9,Residential,1984.0,3.0,3.0,2.0,1.0,,
8,499900.0,45.0,K2C 3V2,Residential,1984.0,4.0,3.0,2.0,1.0,,
11,325000.0,43.0,K1J 8Z9,Residential,1984.0,3.0,3.0,2.0,0.0,,
23,259900.0,39.0,K2L 3K7,Residential,1984.0,2.0,2.0,2.0,1.0,,
16,398000.0,30.0,K1V 0L5,Residential,1984.0,3.0,3.0,2.0,1.0,,
23,199900.0,41.0,K2L 3B1,Residential,1984.0,2.0,2.0,1.0,0.0,,
23,215000.0,41.0,K2L 3A7,Residential,1984.0,2.0,2.0,1.0,0.0,,
23,195000.0,41.0,K2L 3A8,Residential,1983.0,2.0,2.0,1.0,0.0,,
23,200000.0,41.0,K2L 3B1,Residential,1983.0,2.0,2.0,1.0,0.0,,
2,589000.0,56.0,K1C 3C9,Residential,1983.0,4.0,4.0,6.0,2.0,,
23,214900.0,41.0,K2L 3A7,Residential,1983.0,3.0,2.0,1.0,0.0,,
13,720000.0,75.0,K1M 2A1,Residential,1982.0,2.0,2.0,1.0,1.0,,
15,399900.0,53.0,K1Y 2M2,Residential,1982.0,2.0,1.0,1.0,0.0,,
7,825000.0,10.0,K2H 9A6,Residential,1982.0,4.0,3.0,8.0,2.0,,
12,509000.0,80.0,K1N 5E5,Residential,1981.0,2.0,2.0,1.0,0.0,,
18,295000.0,38.0,K1B 5B6,Residential,1981.0,3.0,2.0,1.0,0.0,,
10,274900.0,37.0,K1T 1Y4,Residential,1981.0,3.0,2.0,1.0,0.0,,
6,389900.0,13.0,K2S 1B9,Residential,1980.0,2.0,2.0,1.0,1.0,,
7,449900.0,62.0,K2B 8G8,Residential,1979.0,2.0,2.0,1.0,1.0,,
1,274900.0,33.0,K1E 2C3,Residential,1979.0,3.0,2.0,1.0,0.0,,
16,319900.0,11.0,K1V 9T4,Residential,1979.0,3.0,3.0,2.0,1.0,,
14,699900.0,84.0,K1R 7T2,Residential,1978.0,3.0,3.0,2.0,2.0,,
10,274900.0,70.0,K1V 9P9,Residential,1978.0,3.0,2.0,1.0,0.0,,
16,239900.0,46.0,K1V 9N8,Residential,1978.0,3.0,2.0,1.0,0.0,,
16,249900.0,46.0,K1V 9N8,Residential,1978.0,3.0,2.0,1.0,0.0,,
9,294500.0,44.0,K2H 8T3,Residential,1978.0,3.0,2.0,1.0,0.0,,
16,369900.0,38.0,K1V 9P7,Residential,1978.0,3.0,2.0,1.0,0.0,,
9,295000.0,31.0,K2H 8T3,Residential,1978.0,3.0,2.0,1.0,0.0,,
9,299900.0,23.0,K2G 3W9,Residential,1978.0,3.0,1.0,1.0,0.0,,
9,299900.0,23.0,K2G 3W9,Residential,1978.0,3.0,1.0,1.0,0.0,,
14,359900.0,89.0,K1R 5E1,Residential,1977.0,2.0,2.0,1.0,1.0,,
14,424900.0,84.0,K1R 7T2,Residential,1977.0,1.0,2.0,1.0,1.0,,
12,255500.0,76.0,K1L 7E7,Residential,1977.0,2.0,1.0,1.0,1.0,,
3,299900.0,55.0,K2J 1J4,Residential,1977.0,3.0,2.0,1.0,0.0,,
2,299900.0,54.0,K1C 1Z4,Residential,1977.0,3.0,2.0,2.0,1.0,,
11,259900.0,44.0,K1B 4W6,Residential,1977.0,4.0,2.0,1.0,0.0,,
10,349000.0,40.0,K1T 1R7,Residential,1977.0,3.0,3.0,2.0,1.0,,
14,350000.0,95.0,K2P 2H1,Residential,1976.0,2.0,2.0,1.0,1.0,,
14,389500.0,90.0,K1R 5E1,Residential,1976.0,2.0,2.0,1.0,1.0,,
7,299900.0,65.0,K2B 8E4,Residential,1976.0,2.0,2.0,1.0,1.0,,
7,349900.0,56.0,K2B 8E4,Residential,1976.0,2.0,2.0,1.0,1.0,,
15,435000.0,45.0,K2B 8G8,Residential,1976.0,3.0,2.0,1.0,1.0,,
1,115000.0,10.0,K1C 1T1,Residential,1976.0,2.0,1.0,2.0,0.0,,
1,130000.0,10.0,K1C 1T1,Residential,1976.0,2.0,1.0,5.0,0.0,,
11,349900.0,55.0,K1J 8N1,Residential,1976.0,3.0,2.0,1.0,0.0,,
9,349900.0,55.0,K2H 8S4,Residential,1976.0,3.0,3.0,1.0,0.0,,
16,404500.0,49.0,K1V 9A4,Residential,1976.0,2.0,4.0,1.0,0.0,,
16,280000.0,47.0,K1V 8Z9,Residential,1976.0,3.0,2.0,1.0,0.0,,
11,319900.0,43.0,K1B 4N7,Residential,1976.0,3.0,3.0,1.0,0.0,,
10,299000.0,43.0,K1T 1T1,Residential,1976.0,3.0,2.0,1.0,0.0,,
11,289900.0,34.0,K1B 3R8,Residential,1976.0,3.0,3.0,1.0,0.0,,
8,248000.0,30.0,K2H 8W8,Residential,1976.0,3.0,2.0,1.0,0.0,,
10,295000.0,19.0,K1T 1E1,Residential,1976.0,3.0,2.0,1.0,0.0,,
14,799900.0,82.0,K2P 1C8,Residential,1975.0,2.0,2.0,1.0,1.0,,
12,362500.0,80.0,K1N 8Y8,Residential,1975.0,2.0,2.0,1.0,1.0,,
12,399900.0,80.0,K1N 8Y8,Residential,1975.0,2.0,2.0,1.0,0.0,,
12,384000.0,80.0,K1N 8Y8,Residential,1975.0,2.0,2.0,1.0,1.0,,
9,180000.0,70.0,K2E 6Z7,Residential,1975.0,1.0,1.0,1.0,0.0,,
7,319900.0,59.0,K2B 5W8,Residential,1975.0,3.0,1.0,1.0,1.0,,
9,241800.0,51.0,K2C 3N5,Residential,1975.0,2.0,1.0,1.0,1.0,,
16,234900.0,51.0,K2C 3N5,Residential,1975.0,2.0,1.0,1.0,1.0,,
16,239900.0,51.0,K2C 3L6,Residential,1975.0,2.0,1.0,1.0,1.0,,
11,235000.0,38.0,K1J 8K5,Residential,1975.0,3.0,2.0,1.0,0.0,,
11,139900.0,34.0,K1J 7V7,Residential,1975.0,1.0,1.0,1.0,0.0,,
17,519000.0,9.0,K1G 3T7,Residential,1975.0,3.0,2.0,1.0,1.0,,
13,299900.0,41.0,K1K 3Y2,Residential,1975.0,4.0,2.0,2.0,1.0,,
4,299000.0,34.0,K2K 1Y8,Residential,1975.0,3.0,2.0,1.0,0.0,,
14,1099900.0,82.0,K2P 1C8,Residential,1974.0,2.0,2.0,1.0,1.0,,
12,427500.0,80.0,K1N 8Y8,Residential,1974.0,2.0,2.0,1.0,0.0,,
12,427500.0,80.0,K1N 8Y8,Residential,1974.0,2.0,2.0,1.0,0.0,,
7,259900.0,58.0,K2B 8C8,Residential,1974.0,2.0,1.0,1.0,1.0,,
18,269900.0,42.0,K1B 4S9,Residential,1974.0,2.0,2.0,2.0,1.0,,
11,180000.0,38.0,K1J 8K5,Residential,1974.0,2.0,1.0,1.0,0.0,,
11,329900.0,47.0,K1B 4N7,Residential,1974.0,4.0,2.0,1.0,0.0,,
16,339000.0,41.0,K1V 9A4,Residential,1974.0,3.0,2.0,1.0,0.0,,
16,349900.0,38.0,K1V 8M4,Residential,1974.0,4.0,3.0,2.0,1.0,,
7,285000.0,64.0,K2B 5W8,Residential,1973.0,2.0,1.0,1.0,1.0,,
12,269000.0,76.0,K1L 7E7,Residential,1972.0,2.0,1.0,1.0,1.0,,
12,279900.0,76.0,K1L 8E7,Residential,1972.0,2.0,1.0,1.0,1.0,,
13,324999.0,72.0,K1K 3X5,Residential,1972.0,2.0,1.0,1.0,1.0,,
13,249900.0,61.0,K1K 3X4,Residential,1972.0,2.0,1.0,1.0,1.0,,
13,2590000.0,15.0,K1M 0N1,Residential,1972.0,6.0,4.0,6.0,2.0,,
16,320000.0,51.0,K2C 0G8,Residential,1972.0,3.0,2.0,1.0,1.0,,
4,325000.0,37.0,K2K 1K2,Residential,1972.0,4.0,2.0,2.0,0.0,,
12,265000.0,76.0,K1L 8C9,Residential,1971.0,2.0,1.0,1.0,1.0,,
12,275000.0,75.0,K1L 8C9,Residential,1971.0,3.0,1.0,1.0,1.0,,
13,259900.0,72.0,K1K 3X5,Residential,1971.0,2.0,1.0,1.0,1.0,,
11,299000.0,51.0,K1J 7W2,Residential,1971.0,4.0,2.0,1.0,0.0,,
2,500000.0,20.0,K1B 4E8,Residential,1971.0,5.0,3.0,3.0,1.0,,
9,299900.0,70.0,K2E 6K6,Residential,1970.0,2.0,1.0,1.0,1.0,,
2,649000.0,40.0,K1B 4B6,Residential,1970.0,4.0,3.0,3.0,1.0,,
2,339900.0,48.0,K1B 3Z1,Residential,1970.0,4.0,2.0,2.0,1.0,,
13,1050000.0,72.0,K1K 1L7,Commercial,1963.0,,,5.0,,,
21,389000.0,1.0,K0A 2E0,Residential,1954.0,2.0,1.0,6.0,0.0,,
13,779000.0,52.0,K1M 1P1,Residential,1936.0,3.0,3.0,2.0,0.0,,
12,474900.0,91.0,K1N 8C1,Residential,1920.0,2.0,1.0,0.0,0.0,,
5,2990000.0,3.0,K0A 1L0,Farm,1900.0,5.0,2.0,4.0,3.0,,
5,2990000.0,3.0,K0A 1L0,Farm,1900.0,5.0,2.0,4.0,3.0,,
20,774900.0,1.0,K0A 2W0,Residential,1900.0,3.0,2.0,20.0,2.0,,
12,509000.0,89.0,K1N 7N3,Residential,1874.0,3.0,3.0,1.0,1.0,,
12,749900.0,83.0,K1N 6A1,Residential,1873.0,2.0,2.0,2.0,0.0,,
5,1339000.0,1.0,K0A 1L0,Farm,1850.0,3.0,3.0,10.0,2.0,,
5,1339000.0,1.0,K0A 1L0,Farm,1850.0,3.0,3.0,10.0,2.0,,
8,319900.0,44.0,K2C 3L4,Residential,,2.0,1.0,1.0,1.0,,
12,425000.0,76.0,K1L 7C3,Residential,,3.0,1.0,3.0,0.0,,
12,1249000.0,71.0,K1L 8B5,Residential,,6.0,4.0,8.0,2.0,,
2,275000.0,51.0,K1C 2M1,Residential,,3.0,2.0,1.0,0.0,,
8,295000.0,47.0,K2H 8V8,Residential,,3.0,2.0,1.0,0.0,,
15,598888.0,72.0,K1Z 7H3,Residential,,2.0,2.0,3.0,1.0,,
10,2900000.0,50.0,K1G 4Z5,Commercial,,,,,,,
10,2800000.0,37.0,K1V 8A8,Commercial,,,,,,,
10,1900000.0,27.0,K1V 9V9,Commercial,,,,,,,
16,16500000.0,24.0,K1V 1H7,Commercial,,,,,,,
5,9500000.0,21.0,K0A 1L0,Commercial,,,,,,,
20,2500000.0,12.0,K4P 1A1,Commercial,,,,,,,
5,350000.0,5.0,K0A 1L0,Commercial,,,,,,,
20,1518000.0,1.0,K0A 3H0,Commercial,,,,,,,
20,330000.0,1.0,K0A 3H0,Commercial,,,,,,,
20,3200000.0,1.0,K4B 1T8,Commercial,,,,,,,
21,1500000.0,,K0A 2E0,Lots/Acreage,,,,,,,
4,3000000.0,60.0,K2K 1X7,Lots/Acreage,,,,,,,
1,60000.0,10.0,K4A 0Z6,Lots/Acreage,,,,,,,
19,1200000.0,6.0,K4B 1J8,Lots/Acreage,,,,,,,
5,260000.0,5.0,K0A 1T0,Lots/Acreage,,,,,,,
20,675000.0,1.0,K0A 3H0,Lots/Acreage,,,,,,,
20,1600000.0,1.0,K0A 1K0,Lots/Acreage,,,,,,,
20,600000.0,1.0,K0C 2K0,Lots/Acreage,,,,,,,
20,788000.0,1.0,K4P 1M3,Lots/Acreage,,,,,,,
20,1100000.0,1.0,K1G 3N4,Lots/Acreage,,,,,,,
21,110000.0,1.0,K0A 1B0,Lots/Acreage,,,,,,,
5,300000.0,1.0,K0A 1T0,Lots/Acreage,,,,,,,
5,889900.0,1.0,K0A 3M0,Lots/Acreage,,,,,,,
5,280000.0,13.0,K0A 1T0,,,,,,,,
5,280000.0,13.0,K0A 1T0,,,,,,,,
20,896000.0,1.0,K0A 1V0,,,,,,,,
20,2150000.0,1.0,K4M 1B4,,,,,,,,
21,4255000.0,1.0,K0A 2Z0,,,,,,,,
5,810000.0,1.0,K0A 1L0,,,,,,,,
5,810000.0,1.0,K0A 1L0,,,,,,,,
12,1395000.0,78.0,,Multi-family,2020.0,,0.0,,,,
14,429900.0,87.0,,Single Family,2012.0,1.0,1.0,,,,
24,489900.0,57.0,,Single Family,2007.0,3.0,3.0,,,,
23,474900.0,49.0,,Single Family,1991.0,3.0,3.0,,,,
11,234900.0,57.0,,Single Family,1987.0,2.0,1.0,,,,
10,329900.0,37.0,,Single Family,1986.0,3.0,2.0,,,,
20,479900.0,6.0,,Single Family,1984.0,7.0,2.0,,,,
13,269900.0,73.0,,Single Family,1975.0,2.0,2.0,,,,
4,339000.0,35.0,,Single Family,1971.0,4.0,2.0,,,,
9,750000.0,33.0,,Single Family,1960.0,3.0,2.0,,,,
12,549900.0,92.0,,Single Family,1937.0,2.0,1.0,,,,
2,799000.0,14.0,,,,3.0,3.0,,,,
15,660000.0,75.0,,,,3.0,2.0,,,,
15,1350000.0,61.0,,,,3.0,4.0,,,,
23,599900.0,60.0,,,,4.0,3.0,,,,
3,706000.0,34.0,,,,4.0,4.0,,,,
16,424900.0,33.0,,,,3.0,2.0,,,,
13,2499000.0,30.0,,,,4.0,4.0,,,,
24,529000.0,28.0,,,,3.0,3.0,,,,
6,1199500.0,23.0,,,,5.0,4.0,,,,
6,1199500.0,23.0,,,,5.0,4.0,,,,
19,879900.0,8.0,,,,4.0,5.0,,,,
20,975000.0,1.0,,,,3.0,3.0,,,,
20,975000.0,1.0,,,,3.0,3.0,,,,
20,975000.0,1.0,,,,3.0,3.0,,,,
5,999900.0,1.0,,,,3.0,3.0,,,,
12,329000.0,97.0,,,,1.0,1.0,,,,
8,299900.0,44.0,,,,2.0,1.0,,,,
24,1200000.0,47.0,K2C1N3,Single Family,,5.0,5.0,,,,
8,725900.0,40.0,,,,4.0,2.0,,,,
14,449900.0,91.0,,,,1.0,1.0,,,,
14,449900.0,91.0,,,,1.0,1.0,,,,
12,299888.0,96.0,,,,0.0,1.0,,,,
12,699000.0,73.0,,Multi-family,,,0.0,,,,
14,2500000.0,89.0,,Retail,,,0.0,,,,
12,1950000.0,81.0,K1N1J2,Single Family,,2.0,3.0,,,,
13,823900.0,55.0,,Single Family,,3.0,4.0,,,,
24,1074900.0,35.0,K2C1P5,Single Family,,5.0,4.0,,,,
15,5000000.0,79.0,K1Y1N2,Vacant Land,,,,,,,
4,2950000.0,58.0,K2K1X7,Vacant Land,,,,,,,
4,499000.0,7.0,K2K3P4,Vacant Land,,,,,,,
20,9830500.0,2.0,K1G3N4,Vacant Land,,,,,,,
20,3200000.0,1.0,K4B1T8,Vacant Land,,,,,,,
20,600000.0,1.0,K0C2K0,Vacant Land,,,,,,,
5,99000.0,1.0,K0A3M0,Vacant Land,,,0.0,,,,
